channel,window,start_s,end_s,median_advance_samples,r,rmse_mV,nrmse_pct,rms_ratio,regression_gain
Ut1,全段去边缘5秒,5.02,80.54,0,0.997580048158862,0.17336567444800438,6.955175989814713,0.999422872865193,0.9970043123186474
Ut1,全段去边缘5秒,5.02,80.54,1,0.998905299634254,0.11660726969162613,4.678112232881997,0.9994228312755403,0.9983287579825961
Ut1,运动20秒,58.02,78.02000000000001,0,0.9961921016694186,0.15856237311880672,8.741305497721447,0.9899299815306202,0.9861328379384277
Ut1,运动20秒,58.02,78.02000000000001,1,0.9983373821417596,0.10567481942764682,5.825694090372114,0.9899299439519865,0.9882548862344421
Ut1,低运动10秒,19.02,29.020000000000003,0,0.2171256908372599,0.11434111668610683,101.04073508270214,0.47790601648100817,0.10375172460662115
Ut1,低运动10秒,19.02,29.020000000000003,1,0.20504287271098362,0.11493435794728474,101.56496936384318,0.476221350913196,0.09763565062804848
Ut1,全段去边缘3秒,3.02,82.54,0,0.9975244936099348,0.17088720920273262,7.034415288075547,0.9993724899394412,0.9968985371131444
Ut1,全段去边缘3秒,3.02,82.54,1,0.9988521880784407,0.11636781486955401,4.790174406717656,0.999372489678568,0.9982253980224268
Ut1,全段去边缘10秒,10.02,75.54,0,0.9977054100416916,0.18072088934090735,6.77358504793929,0.9997622718060062,0.9974681998406189
Ut1,全段去边缘10秒,10.02,75.54,1,0.9990290164044175,0.11756206647404244,4.406334312417348,0.9997715897181025,0.9988009477341494
Ut1,连续10秒_5,5.02,15.02,0,0.02296851998127253,0.11784807274715989,110.79479617480656,0.5007402530541691,0.011496207262203333
Ut1,连续10秒_5,5.02,15.02,1,0.014287871898867682,0.11826515634486204,111.18691707350305,0.5007556153075521,0.007151582114716312
Ut1,连续10秒_15,15.02,25.020000000000003,0,0.26045392183427185,0.10500371578492813,100.92258524168284,0.5545809495218197,0.14438181701793978
Ut1,连续10秒_15,15.02,25.020000000000003,1,0.2671964036521796,0.10460673211709595,100.54103095327642,0.5542443018470021,0.1480205760302747
Ut1,连续10秒_25,25.02,35.019999999999996,0,0.9980958654991053,0.22518267061424055,6.186651262819207,0.9940389790598337,0.9920032747491242
Ut1,连续10秒_25,25.02,35.019999999999996,1,0.9992983233498204,0.1370923200049306,3.7664637885668726,0.9954239626764801,0.9946784422027214
Ut1,连续10秒_35,35.02,45.019999999999996,0,0.9986081076090623,0.25728030790855944,5.303499485935868,1.0040230452348875,1.002561786974662
Ut1,连续10秒_35,35.02,45.019999999999996,1,0.999621235245996,0.1346893756023143,2.7764465927247604,1.0032768885601697,1.002881306296614
Ut1,连续10秒_45,45.02,55.019999999999996,0,0.9858813554003512,0.1366046790340343,16.8118811281221,1.0002200745146672,0.9862374245011352
Ut1,连续10秒_45,45.02,55.019999999999996,1,0.9911443841249719,0.10815007973791185,13.309985407584058,1.0000918814315205,0.9912840402050487
Ut1,连续10秒_55,55.02,65.02000000000001,0,0.997312268561601,0.19411165889359375,7.339518005437858,1.0009291954185437,0.9982287815947144
Ut1,连续10秒_55,55.02,65.02000000000001,1,0.9991457574915794,0.10949001346394209,4.1399055049792155,1.0008666788487464,1.000004518390339
Ut1,连续10秒_65,65.02,75.02000000000001,0,0.9946291308131351,0.1486331640642419,10.381352901370473,0.9867337028382401,0.9814156146233278
Ut1,连续10秒_65,65.02,75.02000000000001,1,0.9973233467611187,0.10568819056821674,7.381841130164792,0.9874480388163871,0.9847742256056266
Ut2,全段去边缘5秒,5.02,80.54,0,0.9949400052859276,0.12531473488066186,10.047735059111544,0.9937956226293027,0.9887670170131376
Ut2,全段去边缘5秒,5.02,80.54,1,0.9985879539848339,0.06652428379542018,5.333916871069223,0.9937956048987298,0.9923923152131823
Ut2,运动20秒,58.02,78.02000000000001,0,0.9944776380877797,0.13627454084738866,10.494903105922088,0.994737428192456,0.9892440521684875
Ut2,运动20秒,58.02,78.02000000000001,1,0.9983063811852813,0.07568163733913216,5.828465433328572,0.994738723901186,0.9930539514715598
Ut2,低运动10秒,19.02,29.020000000000003,0,0.48825440589110936,0.05331402521729537,97.52667493123374,0.9236938858042913,0.4509567539637867
Ut2,低运动10秒,19.02,29.020000000000003,1,0.5098426671386908,0.052205394107541124,95.49867000346887,0.9246159148603066,0.4713408930226503
Ut2,全段去边缘3秒,3.02,82.54,0,0.9947385434562142,0.12454384830299334,10.245160805649757,0.993691043359933,0.9884627980367442
Ut2,全段去边缘3秒,3.02,82.54,1,0.9983828652095391,0.0693410438800443,5.704096626710672,0.9936910246800383,0.9920841085706141
Ut2,全段去边缘10秒,10.02,75.54,0,0.9950312299381141,0.13010992082275918,9.957573676923435,0.9934964616764859,0.9885574833492746
Ut2,全段去边缘10秒,10.02,75.54,1,0.9988192726282867,0.06385082205376626,4.886631710418268,0.9935470764804648,0.9923723159926818
Ut2,连续10秒_5,5.02,15.02,0,0.3751339925632391,0.05874026995370339,101.87910660134187,0.7975635508251379,0.29921022253585267
Ut2,连续10秒_5,5.02,15.02,1,0.3453239816185619,0.06006887427347127,104.18343753532153,0.7975044142769968,0.2754136312419447
Ut2,连续10秒_15,15.02,25.020000000000003,0,0.42007573690654676,0.0507022521132541,104.53796397694792,0.9388124371595045,0.3943992933249923
Ut2,连续10秒_15,15.02,25.020000000000003,1,0.41022863452337693,0.05112883904478003,105.41750142197667,0.9388032627287415,0.3851501195167436
Ut2,连续10秒_25,25.02,35.019999999999996,0,0.9971181077545088,0.11122258153476937,7.590259061704635,0.9948509542875007,0.9919336278217933
Ut2,连续10秒_25,25.02,35.019999999999996,1,0.9992211485218141,0.05815799725276598,3.968926629529842,0.9949825875146324,0.9941875336490464
Ut2,连续10秒_35,35.02,45.019999999999996,0,0.9960748411805174,0.15767032439385545,8.861197398859398,0.9920352770025187,0.9881732577635189
Ut2,连续10秒_35,35.02,45.019999999999996,1,0.9991165445414265,0.07539818577270564,4.237437895915524,0.9937393318494769,0.992826930411858
Ut2,连续10秒_45,45.02,55.019999999999996,0,0.994143337929769,0.18619849397387217,10.808104521978564,0.9939816609213952,0.9881619591351944
Ut2,连续10秒_45,45.02,55.019999999999996,1,0.9993756912574746,0.06208183099173219,3.60361087758639,0.992283224034328,0.9916641942302812
Ut2,连续10秒_55,55.02,65.02000000000001,0,0.9800830818413869,0.09896015417429604,19.921221723310687,0.9957675829891317,0.9759372658465809
Ut2,连续10秒_55,55.02,65.02000000000001,1,0.9914377698064356,0.06490132410575215,13.064992455144733,0.9948295549791123,0.9863021336405453
Ut2,连续10秒_65,65.02,75.02000000000001,0,0.9954811229476042,0.15218184590848283,9.498377798362885,0.993350432703158,0.9888622232940066
Ut2,连续10秒_65,65.02,75.02000000000001,1,0.9990686786699041,0.06975056161140158,4.353457417197419,0.9932907721286105,0.9923666717653101
