device,phase,run,window,channel,start_s,end_s,rms_mV,mean_mV,std_raw_mV,slope_mV_min
论文腕表,佩戴,1,前30秒,Ut1,0.0,30.0,0.2153737686457407,1644.2609666266667,0.27695488523687345,-0.9149194423491674
论文腕表,佩戴,1,前30秒,Ut2,0.0,30.0,0.2107260951661497,1459.9262746133331,3.1893351033106017,-21.97248783960185
论文腕表,佩戴,1,前60秒,Ut1,0.0,60.0,0.2162520872546099,1645.1030225433335,1.2350898420147658,3.453674298288814
论文腕表,佩戴,1,前60秒,Ut2,0.0,60.0,0.20710922043556512,1455.6362788299998,5.041686047726885,-17.301285234110445
论文腕表,佩戴,1,末30秒,Ut1,31.11,61.11,0.21774730061532616,1646.0985055233334,1.277428897425726,8.553262463705948
论文腕表,佩戴,1,末30秒,Ut2,31.11,61.11,0.20506741123699196,1451.1052195933335,1.917383971492111,-13.151442026981671
论文腕表,佩戴,1,末60秒,Ut1,1.1099999999999994,61.11,0.21657471295133776,1645.171394605,1.3078748909365854,3.754733353025985
论文腕表,佩戴,1,末60秒,Ut2,1.1099999999999994,61.11,0.2069414764856289,1455.3144709616668,4.941221625118011,-16.955384493435755
论文腕表,佩戴,1,10–20秒,Ut1,10.0,20.0,0.2017006566112933,1644.21241818,0.22168624785396948,-1.0048245923373862
论文腕表,佩戴,1,10–20秒,Ut2,10.0,20.0,0.23208489153449546,1459.64965802,1.0789148991268178,-21.947632967392533
论文腕表,静置,1,前30秒,Ut1,0.0,30.0,0.3758098337496279,1288.6811827133333,0.6211475484095045,-1.0214467090941843
论文腕表,静置,1,前30秒,Ut2,0.0,30.0,0.27212470454123766,1149.4244637866666,0.4540484597122322,1.9203590184362846
论文腕表,静置,1,前60秒,Ut1,0.0,60.0,0.3158109067659452,1288.4781772816666,0.7254018513856055,-0.5836269733575012
论文腕表,静置,1,前60秒,Ut2,0.0,60.0,0.3208348725685651,1149.4426091300002,0.5529880636624704,-0.03826613221719608
论文腕表,静置,1,末30秒,Ut1,34.75,64.75,0.2553390988368232,1288.3368682366665,0.8189041894449934,3.8660037959436973
论文腕表,静置,1,末30秒,Ut2,34.75,64.75,0.3463145886400587,1149.2968495500002,0.666655701553532,-3.0958314502895585
论文腕表,静置,1,末60秒,Ut1,4.75,64.75,0.30455016888807024,1288.5160318216665,0.7426761861707879,-0.15001356820702114
论文腕表,静置,1,末60秒,Ut2,4.75,64.75,0.3249995876421627,1149.40706886,0.5807250061702448,-0.47174275127468435
论文腕表,静置,1,10–20秒,Ut1,10.0,20.0,0.38847992125617564,1288.7591551700002,0.7634563904723868,-12.964647824612051
论文腕表,静置,1,10–20秒,Ut2,10.0,20.0,0.23548799228513898,1149.46731561,0.3439455402881544,4.242836832710532
论文腕表,开机,1,前30秒,Ut1,0.0,30.0,0.4817938994019456,1368.4506989000001,7.580065457153371,-52.385693667780075
论文腕表,开机,1,前30秒,Ut2,0.0,30.0,0.26348637273727293,1284.2299652733334,9.852396322387442,-68.20772930690202
论文腕表,开机,1,前60秒,Ut1,0.0,60.0,0.4851269545927493,1357.4506632416667,12.761306258293313,-43.95577288615205
论文腕表,开机,1,前60秒,Ut2,0.0,60.0,0.26683672202572034,1269.5381291816668,17.007436104776207,-58.69482574856236
论文腕表,开机,1,末30秒,Ut1,575.85,605.85,0.23463043763214847,1281.4433543333334,0.6591423232403782,3.865033047979842
论文腕表,开机,1,末30秒,Ut2,575.85,605.85,0.38473618461553183,1145.6258645566666,1.1035920757772029,5.617726988789571
论文腕表,开机,1,末60秒,Ut1,545.85,605.85,0.32697033208355464,1281.78488411,0.7369756227420933,-0.9045549881241131
论文腕表,开机,1,末60秒,Ut2,545.85,605.85,0.36840231772814425,1145.7860691216665,0.9480076392395342,-0.19595061396254262
论文腕表,开机,1,10–20秒,Ut1,10.0,20.0,0.4943797014565723,1368.32443242,2.6574150292723124,-54.24468726372349
论文腕表,开机,1,10–20秒,Ut2,10.0,20.0,0.26315941337209475,1284.0356446600001,3.364450561553254,-69.66562135954607
项目腕表,佩戴,1,前30秒,Ut1,0.0,30.0,0.5905168966892689,1969.3537646766665,0.7851249485679592,-2.216386940230163
项目腕表,佩戴,1,前30秒,Ut2,0.0,30.0,0.6944031429307952,1581.4663950666668,3.066650149670479,20.60418861881427
项目腕表,佩戴,1,前60秒,Ut1,0.0,60.0,0.6234105424713837,1975.2116266016665,10.477615119171753,26.87466497145853
项目腕表,佩戴,1,前60秒,Ut2,0.0,60.0,0.6101203635947303,1585.794347165,5.051297700436618,17.257441816391847
项目腕表,佩戴,1,末30秒,Ut1,67.2,97.2,0.8159851914232384,2012.91188544,2.731486500203864,16.3381716128153
项目腕表,佩戴,1,末30秒,Ut2,67.2,97.2,0.4474027465212804,1598.0000050566666,2.040323250311459,13.656029800575576
项目腕表,佩戴,1,末60秒,Ut1,37.2,97.2,0.7465653719728601,2000.8975981850003,15.25983178836654,48.589129069415925
项目腕表,佩戴,1,末60秒,Ut2,37.2,97.2,0.45331458874703456,1594.8054504683334,3.7391324217981183,12.810906002398966
项目腕表,佩戴,1,10–20秒,Ut1,10.0,20.0,0.5820085434596729,1969.06440705,0.6987819138559065,-3.6459462746281868
项目腕表,佩戴,1,10–20秒,Ut2,10.0,20.0,0.6428841594397544,1581.5862275,1.1049377805069165,17.34455028864151
项目腕表,静置,1,前30秒,Ut1,0.0,30.0,0.5054432032627161,1482.6803082533334,0.7417099577978695,-0.408244526109719
项目腕表,静置,1,前30秒,Ut2,0.0,30.0,0.3954964942672822,1296.9468943433333,0.7015253355754063,0.5569615155206653
项目腕表,静置,1,前60秒,Ut1,0.0,60.0,0.6556060989763131,1482.7940243816668,0.8839863315956857,-0.09137629892425479
项目腕表,静置,1,前60秒,Ut2,0.0,60.0,0.3835041168447023,1296.5584182583332,0.87620989842248,-0.9104355153351923
项目腕表,静置,1,末30秒,Ut1,74.11,104.11,0.8662072384405284,1482.8598784766666,1.2798587656157088,5.529593500623092
项目腕表,静置,1,末30秒,Ut2,74.11,104.11,0.3941581562836051,1294.4730124233333,1.0253557728552856,-5.442307322020686
项目腕表,静置,1,末60秒,Ut1,44.11,104.11,0.8126686203125041,1482.5495402883334,1.1526833595582562,1.3539275089411713
项目腕表,静置,1,末60秒,Ut2,44.11,104.11,0.38550919946840156,1295.40185297,1.323022153059068,-3.7917695011775683
项目腕表,静置,1,10–20秒,Ut1,10.0,20.0,0.42954233018643295,1483.20487987,0.6059125626673171,-6.250483637806088
项目腕表,静置,1,10–20秒,Ut2,10.0,20.0,0.3583354669153838,1296.76452631,0.6505524982568832,8.748119879752764
项目腕表,静置,2,前30秒,Ut1,0.0,30.0,0.4685287636760331,1503.2510120066665,0.4848097127355203,0.48101351179057733
项目腕表,静置,2,前30秒,Ut2,0.0,30.0,0.3484433996087084,1302.9998524399998,0.454861260680293,-1.987927433522282
项目腕表,静置,2,前60秒,Ut1,0.0,60.0,0.6245368524648885,1503.4583661549998,0.673024856262429,0.7859770217828157
项目腕表,静置,2,前60秒,Ut2,0.0,60.0,0.35775950122256694,1302.574411745,0.6196648120158,-1.7215065017963622
项目腕表,静置,2,末30秒,Ut1,59.56999999999999,89.57,0.7213859368248552,1503.9107767199998,0.7338351062488309,0.3400726871199653
项目腕表,静置,2,末30秒,Ut2,59.56999999999999,89.57,0.44704442734347133,1301.4206442633333,0.507433956959213,-1.5782216841208287
项目腕表,静置,2,末60秒,Ut1,29.569999999999993,89.57,0.7484543829192434,1503.7864810283334,0.7586573270163558,0.5220444919175802
项目腕表,静置,2,末60秒,Ut2,29.569999999999993,89.57,0.40336954770636557,1301.7909493233333,0.6019983442627477,-1.4997143114305946
项目腕表,静置,2,10–20秒,Ut1,10.0,20.0,0.45779689856788397,1503.25233439,0.48681064388428646,0.7503080771479427
项目腕表,静置,2,10–20秒,Ut2,10.0,20.0,0.3444845837553811,1303.00117484,0.34166820613961363,-2.6963995687148787
项目腕表,开机,1,前30秒,Ut1,0.0,30.0,0.49999129103269196,1492.3492685800002,3.0022559018231965,-19.745667382289145
项目腕表,开机,1,前30秒,Ut2,0.0,30.0,0.34443960069162116,1349.79304002,3.843335301163975,-26.20549664937667
项目腕表,开机,1,前60秒,Ut1,0.0,60.0,0.4809340568859964,1489.488550816667,3.6549080675302537,-11.953993388213771
项目腕表,开机,1,前60秒,Ut2,0.0,60.0,0.4140927429267251,1345.0095494433333,5.714368348136344,-19.46425676832794
项目腕表,开机,1,末30秒,Ut1,571.91,601.91,0.5507001860349101,1482.4155937766666,0.8134235833913264,0.5488605275841758
项目腕表,开机,1,末30秒,Ut2,571.91,601.91,0.4867991479569256,1298.1897481266667,0.8115804158541283,-1.7456013101186445
项目腕表,开机,1,末60秒,Ut1,541.91,601.91,0.7535141690575534,1482.2566479216664,0.9511624875999576,0.8902512898494493
项目腕表,开机,1,末60秒,Ut2,541.91,601.91,0.4223224192801595,1298.9603550833333,1.169157746154087,-3.071441594477364
项目腕表,开机,1,10–20秒,Ut1,10.0,20.0,0.5107229883819612,1491.65550261,0.9772854904011662,-17.131142138217907
项目腕表,开机,1,10–20秒,Ut2,10.0,20.0,0.32263283088295386,1349.30267316,1.2002836218129507,-23.92137252514411
项目腕表,开机,2,前30秒,Ut1,0.0,30.0,0.8844310443564507,1512.0634716000002,15.304608235205329,-23.325613248105196
项目腕表,开机,2,前30秒,Ut2,0.0,30.0,0.3929956842301286,1355.2083079166666,4.902596958614884,-33.16071340008501
项目腕表,开机,2,前60秒,Ut1,0.0,60.0,0.861131762184572,1509.0737280249998,11.258475188802185,-12.604769481379373
项目腕表,开机,2,前60秒,Ut2,0.0,60.0,0.40310210804326,1349.5375569633331,6.877304347592636,-23.28148245600581
项目腕表,开机,2,末30秒,Ut1,591.43,621.43,0.43861600404899154,1502.9255416433334,0.47146841310214477,0.28918828502501764
项目腕表,开机,2,末30秒,Ut2,591.43,621.43,0.5012077994612294,1304.5153810266665,0.5920137582024954,-1.9846011666738652
项目腕表,开机,2,末60秒,Ut1,561.43,621.43,0.47658212221977286,1502.86515535,0.5100797008017888,0.17622487932785755
项目腕表,开机,2,末60秒,Ut2,561.43,621.43,0.4865822583346441,1304.9937185049998,0.7525078854939906,-1.916841352126085
项目腕表,开机,2,10–20秒,Ut1,10.0,20.0,0.87443693994765,1511.1418154,1.3661865794810764,-21.21801138320474
项目腕表,开机,2,10–20秒,Ut2,10.0,20.0,0.37687086522008617,1354.32342538,1.362834069385159,-27.21277931582558
