dataset,channel,start_mcu_s,mean_mV,sd_raw_mV,slope_mV_min,rms_mV,rms_20,rms_40,rms_33,rms_05_5,peaks_Hz
修订后,Ut1,17.872999999999998,1451.6659038066666,2.7187513807079537,-17.794258563331095,0.16055109421653838,0.0468861396976407,0.045028362341321605,0.010581081165987223,0.12347118117547251,2.4;4.0;1.6;3.2;20.0;0.8;4.8;40.0
修订后,Ut2,17.872999999999998,1465.6024677133335,3.276102272307941,-22.433088366750958,0.17926188139991991,0.04640929812816589,0.044961446132122475,0.03207452599135451,0.12641629081666916,2.4;4.0;1.6;3.2;0.8;4.8;16.8;43.2
修订后,Ut1,47.873,1446.6340637266667,0.9984777647677279,-6.8136165547505145,0.16697725869267577,0.047672343514962016,0.04491199202514295,0.0197805388776703,0.12850406242732984,2.4;3.9;1.6;3.1;0.8;4.7;20.0;43.1
修订后,Ut2,47.873,1458.6218262799996,1.1192221565563554,-7.575172847605607,0.18898807915720456,0.04872792859355501,0.047851313416224124,0.03315252438431515,0.13471104597243339,2.4;3.9;1.6;3.1;0.8;4.7;33.3;43.1
修订后,Ut1,77.87299999999999,1443.7003582466666,0.7400023479914141,-4.9804109702065835,0.17321078971276252,0.051541921137078915,0.04617902275210691,0.024677928592746895,0.13300840833326402,2.2;3.7;1.5;3.0;4.5;20.0;0.7;43.0
修订后,Ut2,77.87299999999999,1456.1541745833333,0.4842271730783078,-3.0869117399390826,0.18409727961717098,0.04863292720168479,0.04442800394812819,0.035276930301612094,0.13612644353071407,2.2;3.7;1.5;3.0;4.5;0.7;33.3;43.0
修订后,Ut1,107.873,1441.5892536166668,0.5436859440523323,-3.56242605466962,0.1745915185715896,0.050113622230707734,0.048349171786319096,0.02402775666797603,0.135538598458598,2.2;3.7;1.5;2.9;4.4;0.7;20.0;22.9
修订后,Ut2,107.873,1455.07130889,0.29338547642546714,-1.4937225934254577,0.19775498876206005,0.05047051504378143,0.04862298402538831,0.06528231775315214,0.139035946536252,2.2;3.7;33.3;1.5;2.9;4.4;0.7;17.1
修订后,Ut1,137.873,1440.0564831366669,0.41730723682641696,-2.6203030335354636,0.1762001002367799,0.048849207053137264,0.048292415284869716,0.02285868833982167,0.1373227544370451,2.1;3.6;1.4;2.8;0.7;4.3;20.0;21.4
修订后,Ut2,137.873,1454.4864660033336,0.25198510666965196,-0.9681982408449927,0.20937161022976966,0.04783441983235861,0.053712961785425756,0.07683156684604546,0.1449096242590594,2.1;33.3;1.4;3.6;2.8;0.7;4.3;17.2
修订后,Ut1,167.873,1438.9013666633336,0.3431453462539178,-2.0294050396140326,0.1772804409889725,0.049953888783293134,0.050133567102245834,0.01022310529969561,0.13927052011703248,2.1;3.5;1.4;2.8;0.7;4.2;20.0;37.2
修订后,Ut2,167.873,1454.0597538366665,0.24474002666762606,-0.9080226437865572,0.20538859500907863,0.05461912633277583,0.05074740208905607,0.07644073633293398,0.14354311416682913,2.1;33.3;3.5;1.4;2.8;0.7;4.2;18.6
修订后,Ut1,197.873,1438.0010990933336,0.29332340484362934,-1.6121358331783147,0.17899568469901883,0.051840075568022566,0.04988026675051418,0.009280392643064284,0.1412659402601936,2.1;3.5;1.4;2.8;0.7;4.2;42.8;17.2
修订后,Ut2,197.873,1453.6773172466667,0.23703348656875986,-0.7389452250155892,0.2123248334227267,0.04829284520120954,0.05263947448168398,0.07963824584976952,0.1451268951751913,2.1;33.3;3.5;1.4;2.8;0.7;42.8;4.2
修订后,Ut1,227.873,1437.2848003100003,0.2613135289005633,-1.2994094689825488,0.1797024874895009,0.05120504367808748,0.05034617534401699,0.010865957945287214,0.14186083374765593,2.0;3.4;1.4;2.7;0.7;4.1;22.7;17.3
修订后,Ut2,227.873,1453.27201823,0.23696963907215,-0.7930591322403571,0.20533989997658686,0.051939668311488,0.05226256734858859,0.06786918836885279,0.14653336498955177,2.0;3.4;33.3;1.4;2.7;0.7;4.1;17.3
修订后,Ut1,257.873,1436.6839345566664,0.24130776586612138,-1.1132205274116767,0.1804781913714879,0.052569502261088454,0.05119384157810455,0.011306159354601497,0.14127066216017037,2.0;3.3;1.3;2.7;4.0;0.7;20.0;22.7
修订后,Ut2,257.873,1452.890828136667,0.243472781806487,-0.8934080630419954,0.20578190274329305,0.053742417958155236,0.05173300083748131,0.0667447237928654,0.14790775682814655,2.0;3.3;33.3;1.3;2.7;0.7;4.0;17.3
修订后,Ut1,287.873,1436.1515293933332,0.23718672946696148,-1.0533542013620876,0.18192735976703686,0.051136285194584206,0.04997554585071999,0.011635752893726651,0.14389740670986936,2.0;3.3;1.3;2.6;0.7;4.0;42.6;22.6
修订后,Ut2,287.873,1452.50091487,0.22340478978604617,-0.5955284835213889,0.2056407090608901,0.05347434841392943,0.05236203262857888,0.0670879369786858,0.14919577594238517,2.0;3.3;33.3;1.3;2.6;0.7;4.0;43.3
修订后,Ut1,317.873,1435.66070594,0.2286978716933966,-0.9496740285628741,0.18356091794181417,0.0512334413016703,0.051539358325831175,0.012038220310057858,0.14545728327361107,1.9;3.2;1.3;2.6;3.9;0.6;37.4;42.6
修订后,Ut2,317.873,1452.2177385533334,0.23119661159406693,-0.7389977644356425,0.20872780782411904,0.056286172469807556,0.05277747503031913,0.04222528904598586,0.15621868806417494,1.9;1.3;3.2;2.6;0.6;33.3;3.9;37.4
修订后,Ut1,347.873,1435.21876093,0.22026428192060665,-0.8465961705363056,0.18369234783380411,0.05148360564073263,0.050663164281254024,0.009532567012384398,0.14562105131938535,1.9;3.2;1.3;2.6;0.6;3.8;42.6;20.0
修订后,Ut2,347.873,1451.8208573733332,0.24402036229183782,-0.8842087245420933,0.2088112263321789,0.05250074383299767,0.054702647164008106,0.06730577639477435,0.1527444561081641,1.9;3.2;1.3;33.3;2.6;0.6;3.8;42.6
修订后,Ut1,377.873,1434.8385879866667,0.21284672534408208,-0.6904386177344228,0.18879001211148777,0.05504123974283332,0.04996447291609584,0.01124247244994569,0.14940395954523172,1.9;3.1;1.3;2.5;3.8;0.6;42.5;20.0
修订后,Ut2,377.873,1451.4014437466667,0.23889216986060036,-0.8997524270441281,0.20208613862444702,0.05519075802629616,0.05532098406622998,0.041021785815395326,0.15337628324940783,1.9;3.1;1.3;2.5;0.6;3.8;33.3;42.5
修订后,Ut1,407.873,1434.5092267033333,0.21053616565154165,-0.6461807127229615,0.18805810278970064,0.053284474566280715,0.05197034906528703,0.01237016234829426,0.14947564470595043,1.9;3.1;1.2;2.5;0.6;3.7;37.5;22.5
修订后,Ut2,407.873,1450.93546555,0.2502519049230309,-0.953408397516986,0.20593605642973178,0.05304599068158257,0.05235883736449229,0.051311959758332866,0.15506421753332947,1.9;3.1;1.2;33.3;2.5;0.6;3.7;42.5
修订后,Ut1,437.873,1434.2065683233334,0.2058974916047185,-0.5944108132911187,0.18828579146946264,0.052749081584935735,0.050517268473600045,0.014378968105032317,0.15048838406318737,1.8;3.0;1.2;2.4;3.6;0.6;37.6;22.4
修订后,Ut2,437.873,1450.5438230366663,0.22851354046403452,-0.6569278420767357,0.20716748024611803,0.05444689979771406,0.05830838881015925,0.038346317283239256,0.15622592813918867,1.8;3.0;1.2;2.4;0.6;3.6;33.3;38.8
修订后,Ut1,467.873,1433.8912199233332,0.20532449701740102,-0.5378053573191268,0.19007248246780345,0.05375519765068877,0.049033206561402566,0.01957579184983441,0.15102757652855814,1.8;3.0;1.2;2.4;3.6;0.6;22.4;17.6
修订后,Ut2,467.873,1450.2055101866665,0.22771058926508173,-0.6217498298881508,0.2078045252165331,0.058697083654278184,0.05525365739886525,0.03102383317113085,0.15606135472360363,1.8;3.0;1.2;2.4;0.6;3.6;22.4;17.6
修订后,Ut1,497.873,1433.6170449466667,0.20243353342537382,-0.5016426349390748,0.18782946418169416,0.05464575165162426,0.0504948490250601,0.016510803973398203,0.14827697566763,1.8;2.9;1.2;2.3;3.5;0.6;21.2;22.3
修订后,Ut2,497.873,1449.9083705233331,0.21996785541868363,-0.44765530529912334,0.21268613190718066,0.054839367332325716,0.056371528457611376,0.05710135097853584,0.15794499223995484,1.8;2.9;1.2;33.3;0.6;2.3;3.5;42.3
修订后,Ut1,527.873,1433.3442173866667,0.21084109164079695,-0.6268095411954909,0.19133147826465213,0.054792867797003056,0.05326253754301359,0.010735139596288249,0.1527027336238631,1.7;2.9;1.2;2.3;0.6;3.5;22.3;42.3
修订后,Ut2,527.873,1449.6996806366667,0.2117694232284305,-0.3081301743605007,0.20509583238108195,0.053530517615608106,0.05291554024522019,0.053846332703159645,0.15822566127273116,1.7;2.9;1.2;33.3;2.3;0.6;3.5;37.7
修订后,Ut1,557.873,1432.9357141766666,0.22937306319392256,-0.8655797716794587,0.19145051183703338,0.052833358962170826,0.051094188865213476,0.011439957445142713,0.15350150864048895,1.8;2.9;1.2;2.3;3.5;0.6;41.2;22.4
修订后,Ut2,557.873,1449.5875792433335,0.20682396733846548,-0.16010458511052994,0.20718410209706697,0.054184028304409756,0.05398179600275728,0.04935505853482057,0.1590820599284215,1.8;2.9;1.2;33.3;0.6;2.4;3.5;18.8
修订后,Ut1,587.873,1432.5645964566668,0.21324078023396684,-0.6481501468065928,0.1923029205470538,0.05586668764239788,0.051864888397547264,0.013710230668059157,0.15248299006780677,1.7;2.9;1.2;2.3;3.5;0.6;17.7;42.3
修订后,Ut2,587.873,1449.4924417699997,0.2158917621027084,-0.22251894551458412,0.21024336776506541,0.056308621819165,0.054591200371439184,0.03377451070370549,0.16225168486762884,1.7;2.9;1.2;2.3;0.6;3.5;42.3;17.7
修订后,Ut1,617.873,1432.2868609866669,0.20826613874418431,-0.5419584535782784,0.19188171957369018,0.05417708348856636,0.0518003828693429,0.013294590392201622,0.15289934074558856,1.7;2.9;1.1;2.3;0.6;3.4;37.7;22.3
修订后,Ut2,617.873,1449.3597668366667,0.20776280605909792,-0.17303675572476376,0.20735799476347896,0.057749108301473444,0.05389729724131635,0.030838528872669052,0.15747647970944847,1.7;2.9;1.1;2.3;0.6;3.5;22.3;42.3
修订后,Ut1,647.873,1432.0230105399999,0.2072675678437606,-0.48543162482196534,0.19488076729524534,0.05521765097023134,0.0538618199951785,0.026075727728553766,0.15389355218105305,1.7;2.8;1.1;2.3;3.4;0.6;37.7;17.7
修订后,Ut2,647.873,1449.26577357,0.2168941490167844,-0.17097365223997094,0.214171070991039,0.058730851518216984,0.057150754614542755,0.04651253250445185,0.160905576286739,1.7;2.8;1.1;2.3;33.3;0.6;3.4;17.7
修订后,Ut1,677.873,1431.7458853933333,0.20869680660023465,-0.5193794317644458,0.19398745574698387,0.05482287470171115,0.05089532053668818,0.023061102006513283,0.15341018671630371,1.7;2.8;1.1;2.3;3.4;0.6;22.3;37.7
修订后,Ut2,677.873,1449.1711433766664,0.22470437739389199,-0.16532945278106306,0.2220264112197892,0.05927817263387167,0.05687081194208462,0.06824064001596694,0.1630967326253759,1.7;2.8;1.1;33.3;2.3;3.4;0.6;18.9
修订后,Ut1,707.873,1431.4936577833332,0.2077688709100344,-0.4762636430416075,0.1962903787437875,0.05533948243443339,0.05283864308393094,0.019158722731375095,0.15686683989514616,1.7;2.9;1.1;2.3;0.6;3.4;22.3;42.3
修订后,Ut2,707.873,1449.0911361733333,0.2263954518719437,-0.1416307342183463,0.22388747432935774,0.05643564899308238,0.0596318041630188,0.07677536039430467,0.16014658086317293,1.7;33.3;1.1;2.9;2.3;0.6;3.4;42.3
修订后,Ut1,737.873,1431.26490232,0.2079379016477251,-0.47906656808660886,0.1952608630025799,0.053297224950512874,0.05383739714447274,0.01704739766906381,0.1567298307429751,1.6;2.7;1.1;2.2;3.3;0.5;22.2;37.8
修订后,Ut2,737.873,1448.99442059,0.23503904567896522,-0.3342688238215104,0.22873014452555676,0.06017120152171321,0.05724766226949377,0.07887822061890615,0.16273378057296028,1.6;33.3;2.7;1.1;2.2;0.5;3.3;42.2
修订后,Ut1,767.873,1431.0531871700002,0.2036540730699688,-0.42263574233664636,0.19425646441747982,0.05500985135755221,0.052298574472242634,0.02454508727519551,0.15443350762313562,1.6;2.7;1.1;2.2;3.3;0.5;17.8;42.2
修订后,Ut2,767.873,1448.9171096633333,0.23424566270395214,-0.13285695781486817,0.2319653559812404,0.05922848990916416,0.06055040074884744,0.08201605468409012,0.16219616184441518,1.6;33.3;2.7;1.1;2.2;0.5;3.3;17.8
修订后,Ut1,797.873,1430.8293400933333,0.20306730471480414,-0.4302998137059894,0.19313594799400172,0.05537234902356681,0.05428566177616664,0.011425395634560047,0.15404918217522912,1.6;2.7;1.1;2.1;3.2;0.5;22.1;41.1
修订后,Ut2,797.873,1448.87291041,0.23269719095644917,-0.13079629889541317,0.22854382643545765,0.05825908226282294,0.058967401600999086,0.08288232967513999,0.1639640295384537,1.6;33.3;2.7;1.1;2.1;3.2;0.5;17.9
修订后,Ut1,827.873,1430.6337480700004,0.20074353861699967,-0.3567361954380364,0.19374555010452968,0.0543402218711512,0.0524561215910326,0.010482645815966857,0.15590023446827794,1.6;2.7;1.1;2.1;3.2;0.5;37.9;42.1
修订后,Ut2,827.873,1448.8195810799998,0.23270836298215328,-0.23204660938514748,0.22957740220287237,0.062365942857206084,0.061333435984330865,0.07697705747331496,0.1674168274384401,1.6;33.3;1.1;2.7;2.1;0.5;3.2;17.9
修订后,Ut1,857.873,1430.4881019733334,0.20008959858356098,-0.2378262174970484,0.1957992355907967,0.056092206163802436,0.05522767512624618,0.010244540837066793,0.1572012869403899,1.6;2.6;1.1;2.1;0.5;3.2;22.1;37.9
修订后,Ut2,857.873,1448.6628979633333,0.22579982465603293,-0.39304978563247917,0.21700006612590758,0.05691756203818943,0.05840552537451316,0.07141564675637382,0.16290896424808637,1.6;2.6;33.3;1.1;2.1;0.5;3.2;37.9
修订后,Ut1,887.873,1430.369160863333,0.20188617241592963,-0.24887744785930555,0.19676652386321306,0.05880587920331518,0.05468648944122113,0.01608042239837926,0.15672445699342732,1.6;2.6;1.1;2.1;0.5;3.2;22.1;42.1
修订后,Ut2,887.873,1448.5257218000002,0.21969775310608006,-0.30814655255840606,0.21423058654432514,0.060264782193256546,0.058470842321279595,0.030874514783263925,0.16601766875322058,1.6;2.6;1.1;2.1;0.5;3.2;42.1;17.9
修订前静置,Ut1,651.465,1503.2510120066665,0.4848097127355203,0.48101351179057733,0.4685287636760331,0.1603887427949968,0.15551387684229712,0.24980487338380727,0.226622078068228,33.3;0.6;0.9;26.7;6.7;20.0;13.3;19.6
修订前静置,Ut2,651.465,1302.9998524399998,0.454861260680293,-1.987927433522282,0.3484433996087084,0.12862392901773076,0.1324568147011229,0.1172137893807621,0.23650818979983035,0.6;0.9;33.3;40.4;20.4;40.8;39.2;39.6
修订前静置,Ut1,681.465,1503.6657203033333,0.764862952112762,0.8303030735200302,0.7650690944018952,0.1885747943825397,0.20898501000770453,0.5790002974146801,0.2564531919939881,33.3;0.6;6.7;1.1;26.7;40.0;20.0;25.2
修订前静置,Ut2,681.465,1302.14897105,0.44618152455700527,-1.5735479139999144,0.36773504818294506,0.1337938297910341,0.13323179032995155,0.13883101308298212,0.23291412200206282,0.6;33.3;1.0;26.7;6.7;13.3;20.4;40.4
修订前开机,Ut1,15.125000000000009,1512.0634716000002,15.304608235205329,-23.325613248105196,0.8844310443564507,0.18573439095867186,0.2204319979099377,0.7135152507655372,0.21578250874084737,33.3;26.7;6.7;0.6;40.0;20.0;25.2;8.1
修订前开机,Ut2,15.125000000000009,1355.2083079166666,4.902596958614884,-33.16071340008501,0.3929956842301286,0.1375760089275885,0.13234948469136104,0.18147993205914378,0.23669660504072113,33.3;0.6;0.9;26.7;6.7;19.6;20.8;39.6
修订前开机,Ut1,45.125000000000014,1506.0839844500001,1.197774927495817,-5.758697233471521,0.8390880606853529,0.16431329620333585,0.18002575504340615,0.7173913205311396,0.19772544477352613,33.3;0.7;26.7;20.0;25.2;6.7;8.1;41.4
修订前开机,Ut2,45.125000000000014,1343.86680601,2.497732190087431,-16.99312376694015,0.40851204791283763,0.13319284808221862,0.13709899430619082,0.259874138052967,0.16869999603174038,33.3;0.7;40.0;6.7;26.7;19.7;20.6;40.6
修订前开机,Ut1,75.125,1503.9199826966667,0.9188337298507657,-3.4599174281318614,0.7434940841452119,0.17235153911840595,0.17509586830343857,0.6290548666300393,0.14902916274220748,33.3;0.6;20.0;25.2;41.4;8.1;20.5;26.7
修订前开机,Ut2,75.125,1337.0116933266665,1.6334181687740876,-10.802341560715737,0.42826130075635227,0.14423154050401274,0.14937214291795947,0.2806099261645521,0.14491831623518353,33.3;40.0;26.7;6.7;19.8;20.2;19.5;40.5
修订前开机,Ut1,105.12500000000001,1502.6073203866667,0.5685125282592952,-1.8240091642174514,0.45014500055968676,0.15419143850860287,0.17113631692678616,0.26840841736984417,0.0811097676838697,33.3;40.0;6.7;13.3;26.7;46.7;20.0;40.3
修订前开机,Ut2,105.12500000000001,1332.37007129,1.2573200445848005,-7.836016260415969,0.49123164812402575,0.14636164755353176,0.1565104464142209,0.3573465783591282,0.09835956768552842,33.3;40.0;6.7;26.7;20.1;40.3;13.3;46.7
修订前开机,Ut1,135.125,1502.0396173566667,0.46260267910078173,-0.40054442689409436,0.3692267334802486,0.1495862476563598,0.15312094482009778,0.12162772076016401,0.045174067491299076,26.7;6.7;33.3;13.3;20.0;40.0;46.7;25.2
修订前开机,Ut2,135.125,1328.7095132066665,1.0217001915200805,-6.23738068637923,0.4196587514380419,0.14574773452853396,0.14825994992247496,0.29943670566675545,0.05156597137164351,33.3;40.0;20.0;26.7;6.7;46.7;13.3;25.2
修订前开机,Ut1,165.125,1501.8449407533333,0.45707000531766273,0.6568097729200996,0.40024895243355263,0.14626786416864376,0.1372088619883616,0.17961476253811637,0.056783243124235404,33.3;26.7;6.7;13.3;20.0;40.0;46.7;25.2
修订前开机,Ut2,165.125,1325.8259328666666,0.9089306485992835,-5.618940475531579,0.3521844641625795,0.13580589152978761,0.13902041267097356,0.2528582912891333,0.04171130060728222,33.3;40.0;20.0;26.7;13.3;41.4;46.7;6.7
修订前开机,Ut1,195.125,1501.527913533333,0.5316953594750329,1.1591982487439372,0.4744965034490457,0.10884398773851284,0.11361275294166864,0.34876418243068597,0.0694290335633063,33.3;26.7;6.7;20.0;40.0;25.2;8.1;41.4
修订前开机,Ut2,195.125,1323.29770423,0.6733723570235145,-4.454979341944075,0.1874987785055213,0.06857361521760892,0.060090317421527706,0.07197658583970601,0.032481196395830865,33.3;20.0;26.7;6.7;13.3;40.0;46.7;25.2
修订前开机,Ut1,225.125,1501.6103367666665,0.7950688957852452,1.4366105088272796,0.6831855685701697,0.2012304811276589,0.20412097162084875,0.5137960612724793,0.08481064774110546,33.3;20.0;40.0;6.7;26.7;8.1;25.2;41.4
修订前开机,Ut2,225.125,1321.1940000766667,0.6159616535489069,-3.9124634694009415,0.23569126313625857,0.07876539253203105,0.06683316671458352,0.09227940585868633,0.03536662878161146,33.3;6.7;26.7;13.3;20.0;46.7;40.0;41.4
修订前开机,Ut1,255.125,1501.6632339733337,0.7911174127548624,-0.03725555526537283,0.7308838365635436,0.16505380199351713,0.17323394434074726,0.5916181186094297,0.08447880418210744,33.3;26.7;6.7;20.0;40.0;25.2;8.1;41.4
修订前开机,Ut2,255.125,1319.3894448133333,0.5828318509685272,-2.965251796544461,0.2606331294611813,0.1152644977160744,0.11511665716120766,0.11421759944039192,0.03587392941741964,33.3;26.7;40.0;20.0;6.7;13.3;46.7;12.3
修订前开机,Ut1,285.125,1501.6674553733335,0.8015774787437255,-0.04665029057045178,0.7643795110201075,0.1984966227558009,0.21867450921281337,0.5999656624433689,0.08266975294564047,33.3;40.0;20.0;26.7;6.7;25.2;8.1;41.4
修订前开机,Ut2,285.125,1317.6311495166667,0.6169557752938389,-3.288428648191943,0.29188930630462595,0.14020613719417782,0.13325363711475038,0.1291938134243423,0.03853566622959704,33.3;20.0;40.0;26.7;6.7;13.3;46.7;17.1
修订前开机,Ut1,315.125,1501.6785434933333,0.7977119839268899,0.3459372448634593,0.7504177172620957,0.17085979902273213,0.1972929691397734,0.6231023162401572,0.08041845486780393,33.3;6.7;26.7;40.0;20.0;25.2;8.1;41.4
修订前开机,Ut2,315.125,1316.0782367133334,0.5414859966891774,-2.8104348964606967,0.31375922758332514,0.12756193117993564,0.13104805192671432,0.18827163260489507,0.05040207175711018,33.3;20.1;26.7;6.7;40.1;19.9;40.3;13.3
修订前开机,Ut1,345.125,1501.5546930333333,0.5632796335647228,-0.28622248727008,0.4884282289375351,0.14989981879472147,0.16830653738337328,0.3648002791600183,0.0716629208890673,33.3;40.0;20.0;25.2;40.3;19.7;13.3;39.7
修订前开机,Ut2,345.125,1314.67389435,0.6519459946692148,-2.8079368667000795,0.4425080556214582,0.14231261862008762,0.14871940357374075,0.3158790373390582,0.07941991294527576,33.3;40.0;20.0;26.7;6.7;39.7;40.3;20.3
修订前开机,Ut1,375.125,1501.5294394333332,0.44825545876995015,0.34270870151380245,0.38050534547569553,0.16151775175657,0.15645501055958963,0.14549092213146794,0.08910584455262689,33.3;26.7;6.7;13.3;20.0;40.0;46.7;39.6
修订前开机,Ut2,375.125,1313.2388811466667,0.6149453515093829,-2.777299536378108,0.3838509015990092,0.15103420868250864,0.1467597317424334,0.2609339951882681,0.07795224177584952,33.3;20.0;40.0;39.7;20.3;19.7;26.7;40.3
修订前开机,Ut1,405.125,1501.6913606766668,0.5410069308999699,0.3446959794847667,0.48950463301815345,0.16784799462216268,0.16624359210072298,0.3009577889273165,0.16334173899313456,33.3;6.7;26.7;20.0;19.8;39.8;40.2;20.4
修订前开机,Ut2,405.125,1311.8247478233332,0.49123965827571825,-2.5202499638577294,0.23899647908899044,0.11539577333878254,0.11374191009648199,0.059634937546514874,0.10814203421736202,33.3;20.0;13.3;26.7;20.2;40.0;19.6;6.7
修订前开机,Ut1,435.125,1501.90704409,0.6195128662809233,0.5866325492457302,0.5743938551783946,0.1670462705213166,0.17990858146391794,0.4101964930081728,0.1672369021247684,33.3;0.6;6.7;26.7;40.0;20.0;40.5;8.1
修订前开机,Ut2,435.125,1310.5815372266666,0.4795358148989939,-2.386225660847514,0.2844691102761665,0.12716103364450146,0.12020755868227898,0.06984670170440987,0.14220551887085225,0.6;6.7;26.7;13.3;33.3;46.7;20.0;20.2
修订前开机,Ut1,465.125,1502.1341707566667,0.71828348359684,0.8124427644661413,0.6717564026313746,0.1703937668153797,0.19239286576943807,0.5006689123124503,0.18353244124361054,33.3;6.7;26.7;40.0;20.0;8.1;25.2;41.4
修订前开机,Ut2,465.125,1309.3382772633333,0.5140019463030802,-2.504353195582935,0.30478620027859266,0.13282974217363933,0.12722026801623648,0.09358910370303546,0.14733763598663854,33.3;6.7;26.7;13.3;46.7;20.0;19.5;20.2
修订前开机,Ut1,495.125,1502.460785276667,0.8264391513615212,0.4934741621749329,0.8059970974496665,0.16860044755683493,0.19534607765561673,0.6613402564139154,0.20060555882177275,33.3;0.7;25.2;8.1;26.7;6.7;41.4;40.0
修订前开机,Ut2,495.125,1308.1989795533334,0.514169312344279,-2.126054014229725,0.35823311717558637,0.12632842364885838,0.13925360326802133,0.20079864565997693,0.1640818410246543,33.3;0.7;26.7;39.7;40.0;6.7;40.3;40.6
修订前开机,Ut1,525.125,1502.6557670266666,0.72893667552456,0.33699944496049894,0.7101566281876145,0.1643553897134936,0.18085700363663845,0.5887329547050218,0.21384354770752062,33.3;0.7;25.2;8.1;41.4;20.0;39.4;40.3
修订前开机,Ut2,525.125,1307.2021487433333,0.5388117506212334,-2.110182607388916,0.4099316007069249,0.1294182907602043,0.13662582263866588,0.2606095224561891,0.17667710472292136,33.3;0.7;40.0;26.7;6.7;20.3;39.7;19.7
修订前开机,Ut1,555.125,1502.7864333333332,0.6757988466315348,0.5447935894637912,0.6492318326679827,0.14719498696065572,0.1641583450460333,0.5351136912368367,0.20556289132951036,33.3;0.5;0.8;25.2;41.4;8.1;20.0;40.6
修订前开机,Ut2,555.125,1306.1783347333335,0.559468789530884,-2.0355743980414274,0.44773049241512514,0.14081339372998042,0.15624438876190924,0.29051040114191795,0.1884776349457317,33.3;0.5;0.8;40.0;26.7;6.7;39.7;19.7
修订前开机,Ut1,585.125,1502.8029378299998,0.5000452010931696,0.21865139929353772,0.4569204633316842,0.1542722652596958,0.17189818973794965,0.2156375775536907,0.22086994232447935,33.3;0.5;0.8;40.0;13.3;26.7;6.7;46.7
修订前开机,Ut2,585.125,1305.19994073,0.5968060787675129,-2.0300853464844417,0.49862206349094285,0.15008062733278274,0.157027187713875,0.33203311938881275,0.20238292050727716,33.3;0.5;0.8;40.0;26.7;6.7;20.0;40.3
