dataset,channel,f_Hz,psd_mV2_Hz
修订前,Ut1,0.0,0.0008266656857342443
修订前,Ut1,0.1,0.009227920284362435
修订前,Ut1,0.2,0.03781387156873784
修订前,Ut1,0.30000000000000004,0.01411880433456564
修订前,Ut1,0.4,0.08913773302699529
修订前,Ut1,0.5,0.07230282408063374
修订前,Ut1,0.6000000000000001,0.14543755491780141
修订前,Ut1,0.7000000000000001,0.119322328221745
修订前,Ut1,0.8,0.04179108738375658
修订前,Ut1,0.9,0.03972378706508641
修订前,Ut1,1.0,0.05460485062814939
修订前,Ut1,1.1,0.07846970335350742
修订前,Ut1,1.2000000000000002,0.025384826358396253
修订前,Ut1,1.3,0.022028591425108542
修订前,Ut1,1.4000000000000001,0.006911273674782856
修订前,Ut1,1.5,0.0021422010062568018
修订前,Ut1,1.6,0.0011228571585211369
修订前,Ut1,1.7000000000000002,0.0011235093005281377
修订前,Ut1,1.8,0.0012456403093425881
修订前,Ut1,1.9000000000000001,0.0006865258058191677
修订前,Ut1,2.0,0.0009621377597283608
修订前,Ut1,2.1,0.0008869201721638658
修订前,Ut1,2.2,0.0006088263739643186
修订前,Ut1,2.3000000000000003,0.0016465363279635316
修订前,Ut1,2.4000000000000004,0.00170351956429179
修订前,Ut1,2.5,0.0007776485862624074
修订前,Ut1,2.6,0.000740539774583594
修订前,Ut1,2.7,0.0013814962578822987
修订前,Ut1,2.8000000000000003,0.0004612513613855276
修订前,Ut1,2.9000000000000004,0.0004557879005582879
修订前,Ut1,3.0,0.00046603788623271415
修订前,Ut1,3.1,0.00037348979676317374
修订前,Ut1,3.2,0.0008039612797646746
修订前,Ut1,3.3000000000000003,0.0015491380971496451
修订前,Ut1,3.4000000000000004,0.0009450114122527255
修订前,Ut1,3.5,0.0006898173778853681
修订前,Ut1,3.6,0.0011590925224383272
修订前,Ut1,3.7,0.001585673278619842
修订前,Ut1,3.8000000000000003,0.0006671742787811799
修订前,Ut1,3.9000000000000004,0.0005986891587305077
修订前,Ut1,4.0,0.0011845430338420927
修订前,Ut1,4.1000000000000005,0.0006235238274208968
修订前,Ut1,4.2,0.0006927992531172021
修订前,Ut1,4.3,0.001561824841757372
修订前,Ut1,4.4,0.0011603859336729886
修订前,Ut1,4.5,0.000645955099738603
修订前,Ut1,4.6000000000000005,0.0009381003073571406
修订前,Ut1,4.7,0.0010383269936830976
修订前,Ut1,4.800000000000001,0.0007920193907051978
修订前,Ut1,4.9,0.001022097224313578
修订前,Ut1,5.0,0.0012238649623381606
修订前,Ut1,5.1000000000000005,0.000738313827481813
修订前,Ut1,5.2,0.0009937133913150138
修订前,Ut1,5.300000000000001,0.0025166593630099082
修订前,Ut1,5.4,0.0015215690752233386
修订前,Ut1,5.5,0.0008927773822846316
修订前,Ut1,5.6000000000000005,0.0014547332361675236
修订前,Ut1,5.7,0.002495620526857159
修订前,Ut1,5.800000000000001,0.0008869153952915955
修订前,Ut1,5.9,0.000534999857741251
修订前,Ut1,6.0,0.0007494996563324053
修订前,Ut1,6.1000000000000005,0.0005599751678126854
修订前,Ut1,6.2,0.001112074621434058
修订前,Ut1,6.300000000000001,0.001933202338257056
修订前,Ut1,6.4,0.0010659386548072815
修订前,Ut1,6.5,0.001299884175254371
修订前,Ut1,6.6000000000000005,0.027406495977214864
修订前,Ut1,6.7,0.044527212833686027
修订前,Ut1,6.800000000000001,0.0062489485766986895
修订前,Ut1,6.9,0.00043087001486182637
修订前,Ut1,7.0,0.00044559682713272953
修订前,Ut1,7.1000000000000005,0.0007164241799637151
修订前,Ut1,7.2,0.001303681502858923
修订前,Ut1,7.300000000000001,0.0013510219000000786
修订前,Ut1,7.4,0.0009984736707454407
修订前,Ut1,7.5,0.0005077197260757227
修订前,Ut1,7.6000000000000005,0.0014782971190585583
修订前,Ut1,7.7,0.003034878488130778
修订前,Ut1,7.800000000000001,0.0008631175218428218
修订前,Ut1,7.9,0.0011536178222666604
修订前,Ut1,8.0,0.009831587760675354
修订前,Ut1,8.1,0.04412595801956897
修订前,Ut1,8.200000000000001,0.01506766834380524
修订前,Ut1,8.3,0.0011198616422976246
修订前,Ut1,8.4,0.000756597200819175
修订前,Ut1,8.5,0.0009193755376561626
修订前,Ut1,8.6,0.0007319078854758843
修订前,Ut1,8.700000000000001,0.0008405653734266512
修订前,Ut1,8.8,0.0011786480881934246
修订前,Ut1,8.9,0.0012138339068890694
修订前,Ut1,9.0,0.002341680104975302
修订前,Ut1,9.1,0.0012310330553835362
修订前,Ut1,9.200000000000001,0.0010513242425385617
修订前,Ut1,9.3,0.002030670644694475
修订前,Ut1,9.4,0.0011671685855429695
修订前,Ut1,9.5,0.0006876145423698837
修订前,Ut1,9.600000000000001,0.0006366790207786827
修订前,Ut1,9.700000000000001,0.001483810562675309
修订前,Ut1,9.8,0.0011712068243693306
修订前,Ut1,9.9,0.0022249903970858764
修订前,Ut1,10.0,0.0027745532134318424
修订前,Ut1,10.100000000000001,0.001230366972403684
修订前,Ut1,10.200000000000001,0.0009517600774869187
修订前,Ut1,10.3,0.0015149674109050243
修订前,Ut1,10.4,0.0008810243153900624
修订前,Ut1,10.5,0.00046544765557670427
修订前,Ut1,10.600000000000001,0.0013360841856409783
修订前,Ut1,10.700000000000001,0.002628172487557389
修订前,Ut1,10.8,0.0018829320857897528
修订前,Ut1,10.9,0.0007324714390562428
修订前,Ut1,11.0,0.0007022786138627646
修订前,Ut1,11.100000000000001,0.0005239545030009927
修订前,Ut1,11.200000000000001,0.0010048937402846127
修订前,Ut1,11.3,0.0016082534592657383
修订前,Ut1,11.4,0.0016251550166496052
修订前,Ut1,11.5,0.0008831705403536699
修订前,Ut1,11.600000000000001,0.0006973590896478053
修订前,Ut1,11.700000000000001,0.0008060958903389939
修订前,Ut1,11.8,0.0008042594466749461
修订前,Ut1,11.9,0.0016364141163809772
修订前,Ut1,12.0,0.0021818815110080957
修订前,Ut1,12.100000000000001,0.0013766224916018182
修订前,Ut1,12.200000000000001,0.0010412020060647374
修订前,Ut1,12.3,0.005513153831074081
修订前,Ut1,12.4,0.0036658473504715123
修订前,Ut1,12.5,0.0007847242419951581
修订前,Ut1,12.600000000000001,0.0009216079172055862
修订前,Ut1,12.700000000000001,0.0012429388498293981
修订前,Ut1,12.8,0.0007534232228556204
修订前,Ut1,12.9,0.0006953574509465727
修订前,Ut1,13.0,0.0011181745541162936
修订前,Ut1,13.100000000000001,0.0004117317866928168
修订前,Ut1,13.200000000000001,0.0022379148222172298
修订前,Ut1,13.3,0.01237774639441434
修订前,Ut1,13.4,0.008979322315177833
修订前,Ut1,13.5,0.0016323544891943252
修订前,Ut1,13.600000000000001,0.000787231698681513
修订前,Ut1,13.700000000000001,0.0008322887129797617
修订前,Ut1,13.8,0.0006733116963082679
修订前,Ut1,13.9,0.00088957682731385
修订前,Ut1,14.0,0.0009409439302640655
修订前,Ut1,14.100000000000001,0.0009286794182877555
修订前,Ut1,14.200000000000001,0.00044617636711264183
修订前,Ut1,14.3,0.0012878302548805806
修订前,Ut1,14.4,0.0015159396558799027
修订前,Ut1,14.5,0.0007903516093057131
修订前,Ut1,14.600000000000001,0.000826581605420539
修订前,Ut1,14.700000000000001,0.0017637832278791564
修订前,Ut1,14.8,0.001144300784860655
修订前,Ut1,14.9,0.0008635110693499644
修订前,Ut1,15.0,0.0012441574758292162
修订前,Ut1,15.100000000000001,0.0012455123551836577
修订前,Ut1,15.200000000000001,0.001044675467321807
修订前,Ut1,15.3,0.00164138749636798
修订前,Ut1,15.4,0.001490267309247753
修订前,Ut1,15.5,0.0006187545496915433
修订前,Ut1,15.600000000000001,0.0004994592510703199
修订前,Ut1,15.700000000000001,0.0007781007090982325
修订前,Ut1,15.8,0.0010749600763403152
修订前,Ut1,15.9,0.0016001432407163417
修订前,Ut1,16.0,0.0015061061676687212
修订前,Ut1,16.1,0.0028451048267766964
修订前,Ut1,16.2,0.012012477414506978
修订前,Ut1,16.3,0.005169807735907101
修订前,Ut1,16.400000000000002,0.0010088427381633807
修订前,Ut1,16.5,0.0012887628254976307
修订前,Ut1,16.6,0.0017969903913177452
修订前,Ut1,16.7,0.002313737023449652
修订前,Ut1,16.8,0.0011151522831302364
修订前,Ut1,16.900000000000002,0.0008234708508887541
修订前,Ut1,17.0,0.0023511979265352484
修订前,Ut1,17.1,0.010386637386745732
修订前,Ut1,17.2,0.004741622239464816
修订前,Ut1,17.3,0.0013149702278041455
修订前,Ut1,17.400000000000002,0.0017083606651335423
修订前,Ut1,17.5,0.0011238653772184066
修订前,Ut1,17.6,0.000692654103169925
修订前,Ut1,17.7,0.0006043929360174743
修订前,Ut1,17.8,0.000722668799031797
修订前,Ut1,17.900000000000002,0.0015259383526799466
修订前,Ut1,18.0,0.0021839045412293655
修订前,Ut1,18.1,0.0011207630520726915
修订前,Ut1,18.2,0.001055374119010428
修订前,Ut1,18.3,0.0014709909331774547
修订前,Ut1,18.400000000000002,0.0014594599177314203
修订前,Ut1,18.5,0.0015699779594023978
修订前,Ut1,18.6,0.0019722029708398527
修订前,Ut1,18.7,0.0023011356291636827
修订前,Ut1,18.8,0.0026516390075398827
修订前,Ut1,18.900000000000002,0.009231482103580005
修订前,Ut1,19.0,0.009002340143534428
修订前,Ut1,19.1,0.016117888055325855
修订前,Ut1,19.200000000000003,0.016034423746132186
修订前,Ut1,19.3,0.005365000346837313
修订前,Ut1,19.400000000000002,0.002678314570166744
修订前,Ut1,19.5,0.0073824058387396965
修订前,Ut1,19.6,0.015726276746219695
修订前,Ut1,19.700000000000003,0.007195601913724653
修订前,Ut1,19.8,0.009511337931616607
修订前,Ut1,19.900000000000002,0.016532082975645394
修订前,Ut1,20.0,0.04024061826276612
修订前,Ut1,20.1,0.016741703655571847
修订前,Ut1,20.200000000000003,0.009202536570244425
修订前,Ut1,20.3,0.007243374571302457
修订前,Ut1,20.400000000000002,0.01541331584355436
修订前,Ut1,20.5,0.007445757309172146
修订前,Ut1,20.6,0.0016834798858104975
修订前,Ut1,20.700000000000003,0.003851556850530138
修订前,Ut1,20.8,0.015545127734979765
修订前,Ut1,20.900000000000002,0.017576584882877905
修订前,Ut1,21.0,0.013924326933819613
修订前,Ut1,21.1,0.009199954502557804
修订前,Ut1,21.200000000000003,0.002096420861208939
修订前,Ut1,21.3,0.002494171261343547
修订前,Ut1,21.400000000000002,0.0026625689843854743
修订前,Ut1,21.5,0.0019585643185129477
修订前,Ut1,21.6,0.001016565326633183
修订前,Ut1,21.700000000000003,0.0008556271530135853
修订前,Ut1,21.8,0.0008029770194445711
修订前,Ut1,21.900000000000002,0.001698849646374404
修订前,Ut1,22.0,0.002601457785976506
修订前,Ut1,22.1,0.0016569951668352018
修订前,Ut1,22.200000000000003,0.0007751172659828516
修订前,Ut1,22.3,0.0007478920678587341
修订前,Ut1,22.400000000000002,0.0007334935406706476
修订前,Ut1,22.5,0.0014729349757050874
修订前,Ut1,22.6,0.0026011847723311815
修订前,Ut1,22.700000000000003,0.0020635590552176954
修订前,Ut1,22.8,0.0009703949016236626
修订前,Ut1,22.900000000000002,0.0006984201462810794
修订前,Ut1,23.0,0.0015589762000896117
修订前,Ut1,23.1,0.0011111959787995203
修订前,Ut1,23.200000000000003,0.0010248596945762406
修订前,Ut1,23.3,0.002756383060747085
修订前,Ut1,23.400000000000002,0.003078167809579443
修订前,Ut1,23.5,0.0014728779135155237
修订前,Ut1,23.6,0.0015605519112527465
修订前,Ut1,23.700000000000003,0.0010704889178748398
修订前,Ut1,23.8,0.00047510059020362084
修订前,Ut1,23.900000000000002,0.000856499559502134
修订前,Ut1,24.0,0.0021162076259392893
修订前,Ut1,24.1,0.00151838815654984
修订前,Ut1,24.200000000000003,0.0009658265013081435
修订前,Ut1,24.3,0.0017340487721658172
修订前,Ut1,24.400000000000002,0.0013825769062374494
修订前,Ut1,24.5,0.0015227321943020512
修订前,Ut1,24.6,0.0011944709615121184
修订前,Ut1,24.700000000000003,0.0007842675734782877
修订前,Ut1,24.8,0.0009564217165508082
修订前,Ut1,24.900000000000002,0.0006552256402083688
修订前,Ut1,25.0,0.0010041529476429605
修订前,Ut1,25.1,0.007154964980250772
修订前,Ut1,25.200000000000003,0.04819420872673174
修订前,Ut1,25.3,0.026041805530389515
修订前,Ut1,25.400000000000002,0.0017059725063926156
修订前,Ut1,25.5,0.0008263299889556488
修订前,Ut1,25.6,0.002098689987667168
修订前,Ut1,25.700000000000003,0.0026149538918917217
修订前,Ut1,25.8,0.0005411895013585195
修订前,Ut1,25.900000000000002,0.0008374351058663518
修订前,Ut1,26.0,0.0013123508393775392
修订前,Ut1,26.1,0.0019285891674189056
修订前,Ut1,26.200000000000003,0.0014641495957153127
修订前,Ut1,26.3,0.0006304255863888606
修订前,Ut1,26.400000000000002,0.0005228176197838703
修订前,Ut1,26.5,0.0020946784156147175
修订前,Ut1,26.6,0.03200369429392276
修订前,Ut1,26.700000000000003,0.043625846743061254
修订前,Ut1,26.8,0.004696896182167791
修订前,Ut1,26.900000000000002,0.0009980928770244113
修订前,Ut1,27.0,0.0021163324399542725
修订前,Ut1,27.1,0.001619390254740899
修订前,Ut1,27.200000000000003,0.0008843314025201147
修订前,Ut1,27.3,0.00073615353012107
修订前,Ut1,27.400000000000002,0.000495508241126996
修订前,Ut1,27.5,0.0007875404301347755
修订前,Ut1,27.6,0.001960264079030929
修订前,Ut1,27.700000000000003,0.0019673445700080544
修订前,Ut1,27.8,0.0010624627767930519
修订前,Ut1,27.900000000000002,0.0012914383350203342
修订前,Ut1,28.0,0.0029651813243064973
修订前,Ut1,28.1,0.001991329334472509
修订前,Ut1,28.200000000000003,0.00105071583813836
修订前,Ut1,28.3,0.001409623317006146
修订前,Ut1,28.400000000000002,0.0014471327796365954
修订前,Ut1,28.5,0.0008186189039724267
修订前,Ut1,28.6,0.001473015393426997
修订前,Ut1,28.700000000000003,0.001960989989258932
修订前,Ut1,28.8,0.0008374725102963291
修订前,Ut1,28.900000000000002,0.0009045990437859645
修订前,Ut1,29.0,0.002005345215456415
修订前,Ut1,29.1,0.001457177508387602
修订前,Ut1,29.200000000000003,0.0008201243065060313
修订前,Ut1,29.3,0.0015026022313887955
修订前,Ut1,29.400000000000002,0.0007054841082803144
修订前,Ut1,29.5,0.00045366870493848737
修订前,Ut1,29.6,0.0012569940421783695
修订前,Ut1,29.700000000000003,0.0019220412448122822
修订前,Ut1,29.8,0.0007963516724516596
修订前,Ut1,29.900000000000002,0.0008293562092353776
修订前,Ut1,30.0,0.0013283322983131793
修订前,Ut1,30.1,0.0009926180322986766
修订前,Ut1,30.200000000000003,0.00041241817764585284
修订前,Ut1,30.3,0.0003638651961291551
修订前,Ut1,30.400000000000002,0.0006614730243761147
修订前,Ut1,30.5,0.0005810452189744195
修订前,Ut1,30.6,0.0015500550423748545
修订前,Ut1,30.700000000000003,0.0019891142853078934
修订前,Ut1,30.8,0.0007493806385302772
修订前,Ut1,30.900000000000002,0.0014922606850106613
修订前,Ut1,31.0,0.0022205738629458515
修订前,Ut1,31.1,0.0009054050567752492
修订前,Ut1,31.200000000000003,0.0011089093853940595
修订前,Ut1,31.3,0.0012536717154809389
修订前,Ut1,31.400000000000002,0.001059613970677318
修订前,Ut1,31.5,0.0012097550039131563
修订前,Ut1,31.6,0.0017378454196944405
修订前,Ut1,31.700000000000003,0.0012941286752214945
修订前,Ut1,31.8,0.001318490700893226
修订前,Ut1,31.900000000000002,0.0019401362775344417
修订前,Ut1,32.0,0.0027535856158194226
修订前,Ut1,32.1,0.0010216676256424408
修订前,Ut1,32.2,0.0007421558742291685
修订前,Ut1,32.300000000000004,0.0020576933917127987
修订前,Ut1,32.4,0.0035187269032543574
修订前,Ut1,32.5,0.002326582162231115
修订前,Ut1,32.6,0.0010347406628900139
修订前,Ut1,32.7,0.0006725148892941581
修订前,Ut1,32.800000000000004,0.0010197575793010002
修订前,Ut1,32.9,0.001663316349449409
修订前,Ut1,33.0,0.001355458206065665
修订前,Ut1,33.1,0.0020440228975543667
修订前,Ut1,33.2,0.16630657535188378
修订前,Ut1,33.300000000000004,1.9708022998297388
修订前,Ut1,33.4,1.2722010500752357
修订前,Ut1,33.5,0.023959747207241058
修订前,Ut1,33.6,0.0011769103122590604
修订前,Ut1,33.7,0.0012050272099550137
修订前,Ut1,33.800000000000004,0.0014056157119729771
修订前,Ut1,33.9,0.000960359690340495
修订前,Ut1,34.0,0.0007191311754916767
修订前,Ut1,34.1,0.0011425772080561906
修订前,Ut1,34.2,0.0026657415332440875
修订前,Ut1,34.300000000000004,0.003034524768568571
修订前,Ut1,34.4,0.0016099750748611648
修订前,Ut1,34.5,0.0005273433549191109
修订前,Ut1,34.6,0.0016829718530392945
修订前,Ut1,34.7,0.002589213333420751
修订前,Ut1,34.800000000000004,0.001671233352022877
修订前,Ut1,34.9,0.0010831142612117964
修订前,Ut1,35.0,0.0012719874658977095
修订前,Ut1,35.1,0.0015603189205351884
修订前,Ut1,35.2,0.0009359136629801957
修订前,Ut1,35.300000000000004,0.0012634609037073452
修订前,Ut1,35.4,0.001036673635416002
修订前,Ut1,35.5,0.0007295107916130774
修订前,Ut1,35.6,0.0010995983647544697
修订前,Ut1,35.7,0.0019062725043113168
修订前,Ut1,35.800000000000004,0.000869649659076467
修订前,Ut1,35.9,0.0006668933831178585
修订前,Ut1,36.0,0.002016266577967308
修订前,Ut1,36.1,0.000988070285105875
修订前,Ut1,36.2,0.0007497288920308178
修订前,Ut1,36.300000000000004,0.0006432166851644015
修订前,Ut1,36.4,0.0004056191263811459
修订前,Ut1,36.5,0.0005674371711831152
修订前,Ut1,36.6,0.0014783134916056936
修订前,Ut1,36.7,0.0014885545688054177
修订前,Ut1,36.800000000000004,0.0009017643799806047
修订前,Ut1,36.9,0.0015231440120478967
修订前,Ut1,37.0,0.002486760177548118
修订前,Ut1,37.1,0.0011372103892332921
修订前,Ut1,37.2,0.00043417890862869205
修订前,Ut1,37.300000000000004,0.0009764563677397537
修订前,Ut1,37.4,0.0010860199158675746
修订前,Ut1,37.5,0.000990188438955088
修订前,Ut1,37.6,0.0018358857301585408
修订前,Ut1,37.7,0.0014909210999251123
修订前,Ut1,37.800000000000004,0.0005863512752826462
修订前,Ut1,37.9,0.0010276169869394044
修订前,Ut1,38.0,0.0016726989484922435
修订前,Ut1,38.1,0.0010210654267817107
修订前,Ut1,38.2,0.0009907314900137654
修订前,Ut1,38.300000000000004,0.001757088965176184
修订前,Ut1,38.400000000000006,0.0014002523905119958
修订前,Ut1,38.5,0.0018932809718602563
修订前,Ut1,38.6,0.0026303714263842515
修订前,Ut1,38.7,0.0022175708070415545
修订前,Ut1,38.800000000000004,0.002254863418445632
修订前,Ut1,38.900000000000006,0.008646502424164369
修订前,Ut1,39.0,0.01041896434282903
修订前,Ut1,39.1,0.015592931737578801
修订前,Ut1,39.2,0.012329956021762222
修订前,Ut1,39.300000000000004,0.003528734029639351
修订前,Ut1,39.400000000000006,0.0014938717016405555
修订前,Ut1,39.5,0.007063607557049514
修订前,Ut1,39.6,0.016249416131358472
修订前,Ut1,39.7,0.0079892598884088
修订前,Ut1,39.800000000000004,0.009387041232461394
修订前,Ut1,39.900000000000006,0.015346475819266637
修订前,Ut1,40.0,0.0319068799763716
修订前,Ut1,40.1,0.017996206854860978
修订前,Ut1,40.2,0.01050221076204897
修订前,Ut1,40.300000000000004,0.008013443883189282
修订前,Ut1,40.400000000000006,0.013682451720604004
修订前,Ut1,40.5,0.007350988795632719
修订前,Ut1,40.6,0.0031785954613747
修订前,Ut1,40.7,0.004216361544518137
修订前,Ut1,40.800000000000004,0.013340002964559715
修订前,Ut1,40.900000000000006,0.01689018490303494
修订前,Ut1,41.0,0.011780423172347442
修订前,Ut1,41.1,0.009235699168531853
修订前,Ut1,41.2,0.0027952790450616275
修订前,Ut1,41.300000000000004,0.005229067916591035
修订前,Ut1,41.400000000000006,0.044710994054187485
修订前,Ut1,41.5,0.0351354117351618
修订前,Ut1,41.6,0.00223987448114913
修订前,Ut1,41.7,0.0008858775571240384
修订前,Ut1,41.800000000000004,0.0006409862565447083
修订前,Ut1,41.900000000000006,0.0009094726655451878
修订前,Ut1,42.0,0.0008565650661891217
修订前,Ut1,42.1,0.0010959562525966913
修订前,Ut1,42.2,0.0011825871447623067
修订前,Ut1,42.300000000000004,0.0022729137536566715
修订前,Ut1,42.400000000000006,0.0019953370599496015
修订前,Ut1,42.5,0.0007797265447752535
修订前,Ut1,42.6,0.001953736199157048
修订前,Ut1,42.7,0.0017387086079689437
修订前,Ut1,42.800000000000004,0.0007843887158922835
修订前,Ut1,42.900000000000006,0.000450138967631917
修订前,Ut1,43.0,0.0013120324557835525
修订前,Ut1,43.1,0.0014209670716066357
修订前,Ut1,43.2,0.0018529056815532645
修订前,Ut1,43.300000000000004,0.0029862457094567483
修订前,Ut1,43.400000000000006,0.0018536150390706498
修订前,Ut1,43.5,0.0010004137973099712
修订前,Ut1,43.6,0.0015790047479628075
修订前,Ut1,43.7,0.0014381657145986534
修订前,Ut1,43.800000000000004,0.0006260296237171093
修订前,Ut1,43.900000000000006,0.001323234897427099
修订前,Ut1,44.0,0.0027881088092477284
修订前,Ut1,44.1,0.0027122724903091075
修订前,Ut1,44.2,0.0012854597353605317
修订前,Ut1,44.300000000000004,0.0007282448829616082
修订前,Ut1,44.400000000000006,0.0007518157258078625
修订前,Ut1,44.5,0.0008799800114662357
修订前,Ut1,44.6,0.0018897935907848417
修订前,Ut1,44.7,0.002442825984197426
修订前,Ut1,44.800000000000004,0.001409769266106098
修订前,Ut1,44.900000000000006,0.0005711551450105662
修订前,Ut1,45.0,0.0008723099974140054
修订前,Ut1,45.1,0.0008933870636865518
修订前,Ut1,45.2,0.0016137172607362388
修订前,Ut1,45.300000000000004,0.0026731246826064052
修订前,Ut1,45.400000000000006,0.002245674706449132
修订前,Ut1,45.5,0.001034262319741409
修订前,Ut1,45.6,0.0048986308469101784
修订前,Ut1,45.7,0.006602715188540788
修订前,Ut1,45.800000000000004,0.0012118448569238807
修订前,Ut1,45.900000000000006,0.0010146382687233934
修订前,Ut1,46.0,0.0016209416375316816
修订前,Ut1,46.1,0.0012037307947255322
修订前,Ut1,46.2,0.0007388618603597856
修订前,Ut1,46.300000000000004,0.001171456904949109
修订前,Ut1,46.400000000000006,0.0007722669789850259
修订前,Ut1,46.5,0.0011576742318506643
修订前,Ut1,46.6,0.008313493818797962
修订前,Ut1,46.7,0.011565220006108611
修订前,Ut1,46.800000000000004,0.0027447257130863993
修订前,Ut1,46.900000000000006,0.0008629389275789885
修订前,Ut1,47.0,0.0008500102995991625
修订前,Ut1,47.1,0.0005712262906456943
修订前,Ut1,47.2,0.0010443825278301955
修订前,Ut1,47.300000000000004,0.0011406681778213695
修订前,Ut1,47.400000000000006,0.001162351641381745
修订前,Ut1,47.5,0.0007093838149378151
修订前,Ut1,47.6,0.001058390203011177
修订前,Ut1,47.7,0.0022517861674245325
修订前,Ut1,47.800000000000004,0.0012152639261160298
修订前,Ut1,47.900000000000006,0.0007519317761570569
修订前,Ut1,48.0,0.0016014271225010654
修订前,Ut1,48.1,0.0012865942389047452
修订前,Ut1,48.2,0.0007345925199270718
修订前,Ut1,48.300000000000004,0.0010294909943288578
修订前,Ut1,48.400000000000006,0.0011833906879010877
修订前,Ut1,48.5,0.001155425748380269
修订前,Ut1,48.6,0.0016643432127263003
修订前,Ut1,48.7,0.001987589783855819
修订前,Ut1,48.800000000000004,0.0009977901166147594
修订前,Ut1,48.900000000000006,0.0005761741284866592
修订前,Ut1,49.0,0.0005540072732823909
修订前,Ut1,49.1,0.000576540514928494
修订前,Ut1,49.2,0.001185729785580485
修订前,Ut1,49.300000000000004,0.0015710388636787456
修订前,Ut1,49.400000000000006,0.001387212880108938
修订前,Ut1,49.5,0.009348665070288325
修订前,Ut1,49.6,0.009410671718606413
修订前,Ut1,49.7,0.0014825771753889099
修订前,Ut1,49.800000000000004,0.0009919445314319946
修订前,Ut1,49.900000000000006,0.001537244428241343
修订前,Ut1,50.0,0.0014045616699242364
修订前,Ut2,0.0,0.0013850555329883525
修订前,Ut2,0.1,0.011907749049879636
修订前,Ut2,0.2,0.03556604339816863
修订前,Ut2,0.30000000000000004,0.032817376286887676
修订前,Ut2,0.4,0.06886624475911911
修订前,Ut2,0.5,0.06414533144977352
修订前,Ut2,0.6000000000000001,0.11558192410183608
修订前,Ut2,0.7000000000000001,0.08967609132643367
修订前,Ut2,0.8,0.03978315866120708
修订前,Ut2,0.9,0.04154005034860733
修订前,Ut2,1.0,0.0506763647376955
修订前,Ut2,1.1,0.057896645007116644
修订前,Ut2,1.2000000000000002,0.025757345444947986
修订前,Ut2,1.3,0.017091113272946653
修订前,Ut2,1.4000000000000001,0.0074825962334961645
修订前,Ut2,1.5,0.0017580655254366936
修订前,Ut2,1.6,0.001221457491232283
修订前,Ut2,1.7000000000000002,0.0008243629675480662
修订前,Ut2,1.8,0.0008351857953184428
修订前,Ut2,1.9000000000000001,0.0006656923366847304
修订前,Ut2,2.0,0.0005281970844886262
修订前,Ut2,2.1,0.00042941312339020036
修订前,Ut2,2.2,0.0002654992105148279
修订前,Ut2,2.3000000000000003,0.0004323166037910687
修订前,Ut2,2.4000000000000004,0.00037062851078493395
修订前,Ut2,2.5,0.00030996988306442264
修订前,Ut2,2.6,0.0005144582351478244
修订前,Ut2,2.7,0.0005505087312249927
修订前,Ut2,2.8000000000000003,0.0002852887979245135
修订前,Ut2,2.9000000000000004,0.0003180779586297016
修订前,Ut2,3.0,0.00029042107281012817
修订前,Ut2,3.1,0.00036822271262426
修订前,Ut2,3.2,0.0003290631139766816
修订前,Ut2,3.3000000000000003,0.0002732092019704376
修订前,Ut2,3.4000000000000004,0.00037107508646469256
修订前,Ut2,3.5,0.0003134334137454044
修订前,Ut2,3.6,0.00020517751342656243
修订前,Ut2,3.7,0.00027585787358299713
修订前,Ut2,3.8000000000000003,9.20187630705034e-05
修订前,Ut2,3.9000000000000004,0.00032665590713646503
修订前,Ut2,4.0,0.0005042377654087385
修订前,Ut2,4.1000000000000005,0.00036303496862983913
修订前,Ut2,4.2,0.0003409513832540554
修订前,Ut2,4.3,0.00045714207472118915
修订前,Ut2,4.4,0.0004614660021283091
修订前,Ut2,4.5,0.0003942945766089454
修订前,Ut2,4.6000000000000005,0.00036952913093697324
修订前,Ut2,4.7,0.0004571398397312545
修订前,Ut2,4.800000000000001,0.0004795106266639586
修订前,Ut2,4.9,0.00039908663015534066
修订前,Ut2,5.0,0.0003198263241107893
修订前,Ut2,5.1000000000000005,0.0002996455267769051
修订前,Ut2,5.2,0.00041468044627063596
修订前,Ut2,5.300000000000001,0.0008318613781657142
修订前,Ut2,5.4,0.0007303437905611918
修订前,Ut2,5.5,0.0003779413866629127
修订前,Ut2,5.6000000000000005,0.0008364090293920243
修订前,Ut2,5.7,0.0009174049436854686
修订前,Ut2,5.800000000000001,0.00027615570530599773
修订前,Ut2,5.9,0.0003053238777532388
修订前,Ut2,6.0,0.00041282378086206873
修订前,Ut2,6.1000000000000005,0.00044600460156405796
修订前,Ut2,6.2,0.00027607728610910956
修订前,Ut2,6.300000000000001,0.0003800272547475658
修订前,Ut2,6.4,0.0005503149968764695
修订前,Ut2,6.5,0.0005561393175606715
修订前,Ut2,6.6000000000000005,0.01368143713173517
修订前,Ut2,6.7,0.0238391503462382
修订前,Ut2,6.800000000000001,0.0026606300700822614
修订前,Ut2,6.9,0.0005273630600086836
修订前,Ut2,7.0,0.0006910728053971501
修订前,Ut2,7.1000000000000005,0.0004035953487185591
修订前,Ut2,7.2,0.000282069184957208
修订前,Ut2,7.300000000000001,0.0007019777792174023
修订前,Ut2,7.4,0.0005871016584685914
修订前,Ut2,7.5,0.0002677307641814024
修订前,Ut2,7.6000000000000005,0.0005557872802145799
修订前,Ut2,7.7,0.0008864613258633213
修订前,Ut2,7.800000000000001,0.00033969265076034286
修订前,Ut2,7.9,0.0006872688987827627
修订前,Ut2,8.0,0.0007587631737793082
修订前,Ut2,8.1,0.0016385750345516911
修订前,Ut2,8.200000000000001,0.0007198388422017143
修订前,Ut2,8.3,0.0003192282059209352
修订前,Ut2,8.4,0.00028806488578715346
修订前,Ut2,8.5,0.00025978534714734327
修订前,Ut2,8.6,0.0006844754677710469
修订前,Ut2,8.700000000000001,0.0007407707509960528
修订前,Ut2,8.8,0.0002663362345791218
修订前,Ut2,8.9,0.00020971373878601562
修订前,Ut2,9.0,0.0006621288135135363
修订前,Ut2,9.1,0.0004904378218750548
修订前,Ut2,9.200000000000001,0.00030428677645019165
修订前,Ut2,9.3,0.00021791604636996084
修订前,Ut2,9.4,0.00017531238871669913
修订前,Ut2,9.5,0.0002516858844738405
修订前,Ut2,9.600000000000001,0.00039723164191400183
修订前,Ut2,9.700000000000001,0.0003085884610478871
修订前,Ut2,9.8,0.00038892573595147146
修订前,Ut2,9.9,0.0006650247943647315
修订前,Ut2,10.0,0.0009632916805813591
修订前,Ut2,10.100000000000001,0.0003768181782261057
修订前,Ut2,10.200000000000001,0.00023515202668915534
修订前,Ut2,10.3,0.0003673587789275223
修订前,Ut2,10.4,0.00020547517621900737
修订前,Ut2,10.5,0.0002657631136548795
修订前,Ut2,10.600000000000001,0.00044139117885600603
修订前,Ut2,10.700000000000001,0.0004524673146032365
修订前,Ut2,10.8,0.00025104789079369126
修订前,Ut2,10.9,0.0004825950109506028
修订前,Ut2,11.0,0.00040667035110928946
修订前,Ut2,11.100000000000001,0.0003538219296129111
修订前,Ut2,11.200000000000001,0.00041864480802858537
修订前,Ut2,11.3,0.0009824416771457042
修订前,Ut2,11.4,0.001221703389058662
修订前,Ut2,11.5,0.000520850336816048
修订前,Ut2,11.600000000000001,0.00034282160227858263
修订前,Ut2,11.700000000000001,0.00031462650552947866
修订前,Ut2,11.8,0.000285711488845423
修订前,Ut2,11.9,0.0004772873525024833
修订前,Ut2,12.0,0.0007670826442045188
修订前,Ut2,12.100000000000001,0.0006920459938369971
修订前,Ut2,12.200000000000001,0.0003799994770730694
修订前,Ut2,12.3,0.002392004209723981
修订前,Ut2,12.4,0.0017294139218580731
修订前,Ut2,12.5,0.00037533334362553145
修订前,Ut2,12.600000000000001,0.0006359375663415312
修订前,Ut2,12.700000000000001,0.0005953615615742563
修订前,Ut2,12.8,0.0003069876866022925
修订前,Ut2,12.9,0.00044674962940353236
修订前,Ut2,13.0,0.0009949851707699417
修订前,Ut2,13.100000000000001,0.000507152678783736
修订前,Ut2,13.200000000000001,0.0016213794196607222
修订前,Ut2,13.3,0.01205941012575722
修订前,Ut2,13.4,0.008095850398101416
修订前,Ut2,13.5,0.0005877592866472474
修订前,Ut2,13.600000000000001,0.0004559710387863196
修订前,Ut2,13.700000000000001,0.00029697329474422384
修订前,Ut2,13.8,0.0002721277783246077
修订前,Ut2,13.9,0.000572845562630866
修订前,Ut2,14.0,0.0008966183588943068
修订前,Ut2,14.100000000000001,0.0007183922398540482
修订前,Ut2,14.200000000000001,0.0002847055447861413
修订前,Ut2,14.3,0.0010727586656217587
修订前,Ut2,14.4,0.001083744002719012
修订前,Ut2,14.5,0.0006181389104759177
修订前,Ut2,14.600000000000001,0.0003320119249997053
修订前,Ut2,14.700000000000001,0.00045800702288018106
修订前,Ut2,14.8,0.000539527308968822
修订前,Ut2,14.9,0.000433511771657232
修订前,Ut2,15.0,0.0005775731772410096
修订前,Ut2,15.100000000000001,0.0003926761307454204
修订前,Ut2,15.200000000000001,0.00038199727081040044
修订前,Ut2,15.3,0.00045583337804775906
修订前,Ut2,15.4,0.0006162310108701352
修订前,Ut2,15.5,0.00042638949170887045
修订前,Ut2,15.600000000000001,0.00035696803043409837
修订前,Ut2,15.700000000000001,0.0004450307576028848
修订前,Ut2,15.8,0.0005310926454482287
修订前,Ut2,15.9,0.0005810552564529943
修订前,Ut2,16.0,0.0007206660764966296
修订前,Ut2,16.1,0.00045816454071680206
修订前,Ut2,16.2,0.0011939139436317016
修订前,Ut2,16.3,0.0010350567090193846
修订前,Ut2,16.400000000000002,0.0005532738300510052
修订前,Ut2,16.5,0.0003433857969134341
修订前,Ut2,16.6,0.0006487518873115207
修订前,Ut2,16.7,0.0007727703106385458
修订前,Ut2,16.8,0.0004129465759008664
修订前,Ut2,16.900000000000002,0.0003437915699671706
修订前,Ut2,17.0,0.000635324067755082
修订前,Ut2,17.1,0.001062837671658315
修订前,Ut2,17.2,0.0006735768721635075
修订前,Ut2,17.3,0.0005695046703833017
修订前,Ut2,17.400000000000002,0.0006031791520856939
修订前,Ut2,17.5,0.000496484244739145
修订前,Ut2,17.6,0.0004828156602217243
修订前,Ut2,17.7,0.00041994324885167905
修订前,Ut2,17.8,0.0004109033274339542
修订前,Ut2,17.900000000000002,0.0006674263549630113
修订前,Ut2,18.0,0.0005979088652782765
修订前,Ut2,18.1,0.00029509155664272463
修订前,Ut2,18.2,0.0003877385520437771
修订前,Ut2,18.3,0.0005883973913521259
修订前,Ut2,18.400000000000002,0.0004673037332588353
修订前,Ut2,18.5,0.0008487601748416538
修订前,Ut2,18.6,0.0009018123229129778
修订前,Ut2,18.7,0.0009504335635955875
修订前,Ut2,18.8,0.001824148623249435
修订前,Ut2,18.900000000000002,0.007763735176141122
修订前,Ut2,19.0,0.008484034892194849
修订前,Ut2,19.1,0.009794589772522148
修订前,Ut2,19.200000000000003,0.009126126288797817
修订前,Ut2,19.3,0.002662211565854451
修订前,Ut2,19.400000000000002,0.0014580222260963873
修订前,Ut2,19.5,0.006959101979323754
修订前,Ut2,19.6,0.013977033356133815
修订前,Ut2,19.700000000000003,0.005162056010974585
修订前,Ut2,19.8,0.008476585394175666
修订前,Ut2,19.900000000000002,0.004951164230961071
修订前,Ut2,20.0,0.009902515726453655
修订前,Ut2,20.1,0.00859121989191487
修订前,Ut2,20.200000000000003,0.010159250799486048
修订前,Ut2,20.3,0.006912592566777651
修订前,Ut2,20.400000000000002,0.015079209227371278
修订前,Ut2,20.5,0.007462527132423445
修订前,Ut2,20.6,0.0009083167319578985
修订前,Ut2,20.700000000000003,0.002037374856261579
修订前,Ut2,20.8,0.009396350622881496
修订前,Ut2,20.900000000000002,0.008927909454580192
修订前,Ut2,21.0,0.008168621846400466
修订前,Ut2,21.1,0.007123960798159415
修订前,Ut2,21.200000000000003,0.0015872323742327178
修订前,Ut2,21.3,0.0009569742027146146
修订前,Ut2,21.400000000000002,0.000885469882717908
修订前,Ut2,21.5,0.0006052084823591078
修订前,Ut2,21.6,0.00042093523202269066
修订前,Ut2,21.700000000000003,0.00029608770972896435
修订前,Ut2,21.8,0.00030803583983902874
修订前,Ut2,21.900000000000002,0.0010476211586443094
修订前,Ut2,22.0,0.0011021649056634113
修订前,Ut2,22.1,0.0005644535003087644
修订前,Ut2,22.200000000000003,0.0003528330019310655
修订前,Ut2,22.3,0.00027640268893057424
修订前,Ut2,22.400000000000002,0.0004830934448465317
修订前,Ut2,22.5,0.00043682756910695507
修订前,Ut2,22.6,0.0004177726946606992
修订前,Ut2,22.700000000000003,0.0005772740459183031
修订前,Ut2,22.8,0.00040371237032404023
修订前,Ut2,22.900000000000002,0.00024042403809567545
修订前,Ut2,23.0,0.0004014476629890154
修订前,Ut2,23.1,0.00030812053122802587
修订前,Ut2,23.200000000000003,0.0003150854688804008
修订前,Ut2,23.3,0.0008631965416713949
修订前,Ut2,23.400000000000002,0.0008596001105322479
修订前,Ut2,23.5,0.0005055008252201814
修订前,Ut2,23.6,0.0003074465285326757
修订前,Ut2,23.700000000000003,0.0003948513979966099
修订前,Ut2,23.8,0.00027697011997092347
修订前,Ut2,23.900000000000002,0.000212493104870007
修订前,Ut2,24.0,0.00028808219434867224
修订前,Ut2,24.1,0.0003241466445523521
修订前,Ut2,24.200000000000003,0.0004459668600097935
修订前,Ut2,24.3,0.0008356738256948979
修订前,Ut2,24.400000000000002,0.00043116180122935424
修订前,Ut2,24.5,0.00032193125162010227
修订前,Ut2,24.6,0.0005697022108630984
修订前,Ut2,24.700000000000003,0.0008382178317513426
修订前,Ut2,24.8,0.0004186207352204821
修订前,Ut2,24.900000000000002,0.0003933656396018306
修订前,Ut2,25.0,0.00041524514679861587
修订前,Ut2,25.1,0.0003185757442218917
修订前,Ut2,25.200000000000003,0.0015231680803599425
修订前,Ut2,25.3,0.0009980192639114996
修订前,Ut2,25.400000000000002,0.0004403573341644483
修订前,Ut2,25.5,0.0003633789802850108
修订前,Ut2,25.6,0.0006732690937842297
修订前,Ut2,25.700000000000003,0.0008010582936835125
修订前,Ut2,25.8,0.0002274042050921088
修订前,Ut2,25.900000000000002,0.0005556945418004212
修订前,Ut2,26.0,0.0007002983863705437
修订前,Ut2,26.1,0.00029184638552589616
修订前,Ut2,26.200000000000003,0.0002596638511284754
修订前,Ut2,26.3,0.0005474074236137175
修订前,Ut2,26.400000000000002,0.0006149655921542811
修订前,Ut2,26.5,0.0005360687489438963
修订前,Ut2,26.6,0.014487384441656098
修订前,Ut2,26.700000000000003,0.022715574066484445
修订前,Ut2,26.8,0.0018639887624449152
修订前,Ut2,26.900000000000002,0.00048681080765392
修订前,Ut2,27.0,0.00032131472576882276
修订前,Ut2,27.1,0.00023776117626352517
修订前,Ut2,27.200000000000003,0.0003257908808879388
修订前,Ut2,27.3,0.00041950249422558795
修订前,Ut2,27.400000000000002,0.0003976670819067924
修订前,Ut2,27.5,0.00036035804803862697
修订前,Ut2,27.6,0.0008208311566517988
修订前,Ut2,27.700000000000003,0.0012637415933031528
修订前,Ut2,27.8,0.00049119522274121
修订前,Ut2,27.900000000000002,0.0006280317706130171
修订前,Ut2,28.0,0.000809810800474707
修订前,Ut2,28.1,0.0005152019953142
修订前,Ut2,28.200000000000003,0.00022719168167516433
修订前,Ut2,28.3,0.0004237431793155281
修订前,Ut2,28.400000000000002,0.0004057772642291285
修订前,Ut2,28.5,0.00046326069607484594
修订前,Ut2,28.6,0.00044890763042637437
修订前,Ut2,28.700000000000003,0.00029999717814315125
修订前,Ut2,28.8,0.00034631371770506335
修订前,Ut2,28.900000000000002,0.00036238520483792007
修订前,Ut2,29.0,0.0005239958722920353
修订前,Ut2,29.1,0.0005077761696076755
修订前,Ut2,29.200000000000003,0.0003428057265949316
修订前,Ut2,29.3,0.0003918556159294836
修订前,Ut2,29.400000000000002,0.0003651078117677296
修订前,Ut2,29.5,0.0001843354537112733
修订前,Ut2,29.6,0.00021653302765748327
修订前,Ut2,29.700000000000003,0.0003009602738774249
修订前,Ut2,29.8,0.0003453356205295665
修订前,Ut2,29.900000000000002,0.0005314520191848671
修订前,Ut2,30.0,0.00041309595455596426
修订前,Ut2,30.1,0.00038163636432661296
修订前,Ut2,30.200000000000003,0.0003145521073103499
修订前,Ut2,30.3,0.00028617634365054456
修订前,Ut2,30.400000000000002,0.00022871161967595577
修订前,Ut2,30.5,0.0003069484481209096
修订前,Ut2,30.6,0.0004569837584532861
修订前,Ut2,30.700000000000003,0.0005553215070450072
修订前,Ut2,30.8,0.000513386105019325
修订前,Ut2,30.900000000000002,0.00033420220505891177
修订前,Ut2,31.0,0.0004774478112072924
修订前,Ut2,31.1,0.00034778502072551725
修订前,Ut2,31.200000000000003,0.0003063914463169426
修订前,Ut2,31.3,0.0005740762749320276
修订前,Ut2,31.400000000000002,0.0007057049506429595
修订前,Ut2,31.5,0.0005152464777800716
修订前,Ut2,31.6,0.00047235634197397063
修订前,Ut2,31.700000000000003,0.0003767577829338596
修订前,Ut2,31.8,0.000472793374278825
修订前,Ut2,31.900000000000002,0.0005115566381547649
修订前,Ut2,32.0,0.0007072694558388992
修订前,Ut2,32.1,0.0003808045453954653
修订前,Ut2,32.2,0.00035267122356203166
修订前,Ut2,32.300000000000004,0.0007131618786359759
修订前,Ut2,32.4,0.0005582619459543115
修订前,Ut2,32.5,0.00032917155984575917
修订前,Ut2,32.6,0.0005984509846168354
修订前,Ut2,32.7,0.0006888402131803667
修订前,Ut2,32.800000000000004,0.00034881855910134707
修订前,Ut2,32.9,0.00047268779281043195
修订前,Ut2,33.0,0.0005291350230573599
修订前,Ut2,33.1,0.0005122918612535841
修订前,Ut2,33.2,0.019153129544497296
修订前,Ut2,33.300000000000004,0.24221424375240816
修订前,Ut2,33.4,0.1591685451862219
修订前,Ut2,33.5,0.0030686235941349365
修订前,Ut2,33.6,0.00041557950134219114
修订前,Ut2,33.7,0.0006681083062666436
修订前,Ut2,33.800000000000004,0.0004279270146913646
修订前,Ut2,33.9,0.00048626832413976563
修订前,Ut2,34.0,0.0007372871953454884
修订前,Ut2,34.1,0.00044106042899320804
修订前,Ut2,34.2,0.00032585149816311237
修订前,Ut2,34.300000000000004,0.0005728601508285318
修订前,Ut2,34.4,0.0005081284549646839
修订前,Ut2,34.5,0.0003248558974558707
修订前,Ut2,34.6,0.0005080824929254799
修订前,Ut2,34.7,0.0006256161261509609
修订前,Ut2,34.800000000000004,0.00041100399319064616
修订前,Ut2,34.9,0.0005164089680201764
修订前,Ut2,35.0,0.000494914917300618
修订前,Ut2,35.1,0.0005506361010132369
修订前,Ut2,35.2,0.0006728252651965933
修订前,Ut2,35.300000000000004,0.0005860636190024708
修订前,Ut2,35.4,0.00021618746252913086
修订前,Ut2,35.5,0.00020959037044575478
修订前,Ut2,35.6,0.00046599467229174545
修订前,Ut2,35.7,0.0006043844511863668
修订前,Ut2,35.800000000000004,0.00036544892286928337
修订前,Ut2,35.9,0.0004874058858091066
修订前,Ut2,36.0,0.0005474309137259746
修订前,Ut2,36.1,0.0003819283287274824
修订前,Ut2,36.2,0.00033399687087225786
修订前,Ut2,36.300000000000004,0.0004154955715457967
修订前,Ut2,36.4,0.0003601783413919386
修订前,Ut2,36.5,0.00026652138030537354
修订前,Ut2,36.6,0.00022622880749477867
修订前,Ut2,36.7,0.00023279334557188523
修订前,Ut2,36.800000000000004,0.0004113574548657325
修订前,Ut2,36.9,0.0003257739591448415
修订前,Ut2,37.0,0.0003592510195527634
修订前,Ut2,37.1,0.00014096879291985062
修订前,Ut2,37.2,0.00016600491001039677
修订前,Ut2,37.300000000000004,0.00032056478748834283
修订前,Ut2,37.4,0.0003681809912419826
修订前,Ut2,37.5,0.0004199819754896074
修订前,Ut2,37.6,0.0006001502683690524
修订前,Ut2,37.7,0.0006367302394217371
修订前,Ut2,37.800000000000004,0.0003732388752207308
修订前,Ut2,37.9,0.0002880534631330227
修订前,Ut2,38.0,0.00039335925764665404
修订前,Ut2,38.1,0.0004527446330828105
修订前,Ut2,38.2,0.0004160049521775323
修订前,Ut2,38.300000000000004,0.00042339969308645767
修订前,Ut2,38.400000000000006,0.0003673750393904399
修订前,Ut2,38.5,0.0005154233829150652
修订前,Ut2,38.6,0.000880812636477074
修订前,Ut2,38.7,0.000774061160841186
修订前,Ut2,38.800000000000004,0.0020615537273687254
修订前,Ut2,38.900000000000006,0.008258222902754101
修订前,Ut2,39.0,0.009100334818278938
修订前,Ut2,39.1,0.011912502323565562
修订前,Ut2,39.2,0.011968497115661508
修订前,Ut2,39.300000000000004,0.002217342942393949
修订前,Ut2,39.400000000000006,0.0012574298341132462
修订前,Ut2,39.5,0.007165750791183464
修订前,Ut2,39.6,0.012486762933143237
修订前,Ut2,39.7,0.005044416541162187
修订前,Ut2,39.800000000000004,0.007327107886807729
修订前,Ut2,39.900000000000006,0.0071096409607401545
修订前,Ut2,40.0,0.01691078395511049
修订前,Ut2,40.1,0.008211062967740346
修订前,Ut2,40.2,0.008421666414904803
修订前,Ut2,40.300000000000004,0.005261172996428406
修订前,Ut2,40.400000000000006,0.012839123712090837
修订前,Ut2,40.5,0.006788520091412322
修订前,Ut2,40.6,0.0008973318008023756
修订前,Ut2,40.7,0.0020747196172578625
修订前,Ut2,40.800000000000004,0.009970562627155604
修订前,Ut2,40.900000000000006,0.009117578988825089
修订前,Ut2,41.0,0.007851936540517919
修订前,Ut2,41.1,0.005939424994668677
修订前,Ut2,41.2,0.0010981851458085256
修订前,Ut2,41.300000000000004,0.0008360550223993412
修订前,Ut2,41.400000000000006,0.0017598046796626352
修订前,Ut2,41.5,0.0014474987782505284
修订前,Ut2,41.6,0.0004965246725555205
修订前,Ut2,41.7,0.0003247297852341803
修订前,Ut2,41.800000000000004,0.00022796407938298599
修订前,Ut2,41.900000000000006,0.00047700372676726365
修订前,Ut2,42.0,0.0008889329839268614
修订前,Ut2,42.1,0.0004030296843375893
修订前,Ut2,42.2,0.00030565019633133804
修订前,Ut2,42.300000000000004,0.0006951341270644554
修订前,Ut2,42.400000000000006,0.000866569668307669
修订前,Ut2,42.5,0.00040575588424086715
修订前,Ut2,42.6,0.00037480708003605044
修订前,Ut2,42.7,0.00036519657612084404
修订前,Ut2,42.800000000000004,0.0002930254441379379
修订前,Ut2,42.900000000000006,0.0005669167482997753
修订前,Ut2,43.0,0.0003145452704787822
修订前,Ut2,43.1,0.00022499042643953296
修订前,Ut2,43.2,0.0004232871252875048
修订前,Ut2,43.300000000000004,0.0011219920936870347
修订前,Ut2,43.400000000000006,0.0007377714078144897
修订前,Ut2,43.5,0.0002695619643313727
修订前,Ut2,43.6,0.00028710102079188335
修订前,Ut2,43.7,0.00024485217980071153
修订前,Ut2,43.800000000000004,0.00015454757629620346
修订前,Ut2,43.900000000000006,0.00035721502172368234
修订前,Ut2,44.0,0.0005077974476912158
修订前,Ut2,44.1,0.0003637291525425358
修订前,Ut2,44.2,0.0004206547151168992
修订前,Ut2,44.300000000000004,0.00041291724199783996
修订前,Ut2,44.400000000000006,0.00030452137838595677
修订前,Ut2,44.5,0.00039202336499535623
修订前,Ut2,44.6,0.0008469837547137039
修订前,Ut2,44.7,0.0014103537398278655
修订前,Ut2,44.800000000000004,0.0008233291014125417
修订前,Ut2,44.900000000000006,0.0002976445750422954
修订前,Ut2,45.0,0.00039891262598924657
修订前,Ut2,45.1,0.0002949277391013886
修订前,Ut2,45.2,0.00036025936834761097
修订前,Ut2,45.300000000000004,0.0007234665971112401
修订前,Ut2,45.400000000000006,0.0007597099015198179
修订前,Ut2,45.5,0.00031485015720661197
修订前,Ut2,45.6,0.0014678857423807772
修订前,Ut2,45.7,0.00230996849913167
修订前,Ut2,45.800000000000004,0.00036994013252570506
修订前,Ut2,45.900000000000006,0.0004743611348476449
修订前,Ut2,46.0,0.0006668433905400842
修订前,Ut2,46.1,0.0004517571160274649
修订前,Ut2,46.2,0.00031158514754344845
修订前,Ut2,46.300000000000004,0.0008201188585178068
修订前,Ut2,46.400000000000006,0.0006089493788584844
修订前,Ut2,46.5,0.0006798073605029476
修订前,Ut2,46.6,0.005615767070783717
修订前,Ut2,46.7,0.008515157958175068
修订前,Ut2,46.800000000000004,0.0012667944418629103
修订前,Ut2,46.900000000000006,0.0002687819800701325
修订前,Ut2,47.0,0.0003228282509659682
修订前,Ut2,47.1,0.00032145223486069
修订前,Ut2,47.2,0.0004659465821462396
修订前,Ut2,47.300000000000004,0.0008183690768853923
修订前,Ut2,47.400000000000006,0.0007309556587624054
修订前,Ut2,47.5,0.0003876799245539938
修订前,Ut2,47.6,0.0008635685375243851
修订前,Ut2,47.7,0.001333003084531619
修订前,Ut2,47.800000000000004,0.0006820760815273187
修订前,Ut2,47.900000000000006,0.0005277534731318354
修订前,Ut2,48.0,0.0004261557378340897
修订前,Ut2,48.1,0.0004859534680875888
修订前,Ut2,48.2,0.0002489238003649597
修订前,Ut2,48.300000000000004,0.0004444476047729887
修订前,Ut2,48.400000000000006,0.0003679287596650895
修订前,Ut2,48.5,0.0002511850433235797
修订前,Ut2,48.6,0.0004625546691324025
修订前,Ut2,48.7,0.0007023672999337997
修订前,Ut2,48.800000000000004,0.0005700459965777237
修订前,Ut2,48.900000000000006,0.000497096025817547
修订前,Ut2,49.0,0.00038382031440915317
修订前,Ut2,49.1,0.0005154365088317904
修订前,Ut2,49.2,0.00047948860736306243
修订前,Ut2,49.300000000000004,0.0009204897080735616
修订前,Ut2,49.400000000000006,0.0005008300614003704
修订前,Ut2,49.5,0.0009028871849102203
修订前,Ut2,49.6,0.0010350197447540142
修订前,Ut2,49.7,0.0005219599955150439
修订前,Ut2,49.800000000000004,0.00041221850362777333
修订前,Ut2,49.900000000000006,0.000629629076848714
修订前,Ut2,50.0,0.000489917017769531
修订后,Ut1,0.0,7.91654473599591e-05
修订后,Ut1,0.1,0.00016523297801997896
修订后,Ut1,0.2,0.0001957540325122886
修订后,Ut1,0.30000000000000004,0.000159090102193882
修订后,Ut1,0.4,0.0010220572575228406
修订后,Ut1,0.5,0.008683210830826309
修订后,Ut1,0.6000000000000001,0.004482218186730955
修订后,Ut1,0.7000000000000001,9.136084916767517e-05
修订后,Ut1,0.8,6.378409153534801e-05
修订后,Ut1,0.9,0.0009784130326953514
修订后,Ut1,1.0,0.02048306239031712
修订后,Ut1,1.1,0.01999188062565839
修订后,Ut1,1.2000000000000002,0.0010110136429956802
修订后,Ut1,1.3,0.00010012671825979325
修订后,Ut1,1.4000000000000001,0.0007359171533149074
修订后,Ut1,1.5,0.029263459786781777
修订后,Ut1,1.6,0.0548290373557061
修订后,Ut1,1.7000000000000002,0.007169368283903516
修订后,Ut1,1.8,0.00021118730538704575
修订后,Ut1,1.9000000000000001,0.00020607961642224318
修订后,Ut1,2.0,0.004308208763416977
修订后,Ut1,2.1,0.01494357346939435
修订后,Ut1,2.2,0.004176976335071686
修订后,Ut1,2.3000000000000003,0.0002447356715506135
修订后,Ut1,2.4000000000000004,0.00046718753572287143
修订后,Ut1,2.5,0.005140188060972355
修订后,Ut1,2.6,0.032433676649506055
修订后,Ut1,2.7,0.017503322903642544
修订后,Ut1,2.8000000000000003,0.0010597747853701488
修订后,Ut1,2.9000000000000004,0.00013146925563684988
修订后,Ut1,3.0,0.000838388526370466
修订后,Ut1,3.1,0.007134932703319868
修订后,Ut1,3.2,0.006632450999458361
修订后,Ut1,3.3000000000000003,0.0006289523214235861
修订后,Ut1,3.4000000000000004,0.00011014660478711995
修订后,Ut1,3.5,8.85421422295368e-05
修订后,Ut1,3.6,0.00042389531969371554
修订后,Ut1,3.7,0.000708814135355535
修订后,Ut1,3.8000000000000003,0.00018904236452387213
修订后,Ut1,3.9000000000000004,4.821146738102754e-05
修订后,Ut1,4.0,4.8414103703179955e-05
修订后,Ut1,4.1000000000000005,6.10324695145424e-05
修订后,Ut1,4.2,8.594769484183114e-05
修订后,Ut1,4.3,7.288592731718818e-05
修订后,Ut1,4.4,4.343571908077706e-05
修订后,Ut1,4.5,5.9684964048873323e-05
修订后,Ut1,4.6000000000000005,5.456807506890547e-05
修订后,Ut1,4.7,3.8180992111262125e-05
修订后,Ut1,4.800000000000001,4.7798106449435094e-05
修订后,Ut1,4.9,5.873546520440216e-05
修订后,Ut1,5.0,6.441289728565086e-05
修订后,Ut1,5.1000000000000005,5.799558615780496e-05
修订后,Ut1,5.2,7.632713924269974e-05
修订后,Ut1,5.300000000000001,9.01145946880972e-05
修订后,Ut1,5.4,6.664216351613458e-05
修订后,Ut1,5.5,6.124279120228595e-05
修订后,Ut1,5.6000000000000005,6.117191225869618e-05
修订后,Ut1,5.7,5.263669612625409e-05
修订后,Ut1,5.800000000000001,4.827068106858289e-05
修订后,Ut1,5.9,2.0643122214863316e-05
修订后,Ut1,6.0,3.920701069032643e-05
修订后,Ut1,6.1000000000000005,5.6545019483986935e-05
修订后,Ut1,6.2,5.122291418398648e-05
修订后,Ut1,6.300000000000001,6.87497330573519e-05
修订后,Ut1,6.4,2.93194564425653e-05
修订后,Ut1,6.5,3.228734177677605e-05
修订后,Ut1,6.6000000000000005,0.00013003500666314809
修订后,Ut1,6.7,0.00014781218640005982
修订后,Ut1,6.800000000000001,4.194686075709056e-05
修订后,Ut1,6.9,3.2639801343386806e-05
修订后,Ut1,7.0,1.9645284187447483e-05
修订后,Ut1,7.1000000000000005,4.73013483047145e-05
修订后,Ut1,7.2,8.020779594341963e-05
修订后,Ut1,7.300000000000001,0.00012928109695078678
修订后,Ut1,7.4,0.00010315662229027156
修订后,Ut1,7.5,4.928091171606848e-05
修订后,Ut1,7.6000000000000005,3.820848864062134e-05
修订后,Ut1,7.7,5.0083806860383575e-05
修订后,Ut1,7.800000000000001,8.218357734489301e-05
修订后,Ut1,7.9,0.00011234919575152277
修订后,Ut1,8.0,7.437221827029736e-05
修订后,Ut1,8.1,3.6490224096190055e-05
修订后,Ut1,8.200000000000001,4.994002570662467e-05
修订后,Ut1,8.3,3.245719486892011e-05
修订后,Ut1,8.4,3.1157233571088584e-05
修订后,Ut1,8.5,5.6388701988921795e-05
修订后,Ut1,8.6,4.9856316837161425e-05
修订后,Ut1,8.700000000000001,3.554065245635921e-05
修订后,Ut1,8.8,2.602125492830556e-05
修订后,Ut1,8.9,1.7426311482485813e-05
修订后,Ut1,9.0,4.0150186040356684e-05
修订后,Ut1,9.1,5.856832983059779e-05
修订后,Ut1,9.200000000000001,4.972802135978172e-05
修订后,Ut1,9.3,5.1562626366313375e-05
修订后,Ut1,9.4,6.508878479755321e-05
修订后,Ut1,9.5,6.80623316145506e-05
修订后,Ut1,9.600000000000001,5.1607396909358843e-05
修订后,Ut1,9.700000000000001,5.8141693800767005e-05
修订后,Ut1,9.8,7.386820861522719e-05
修订后,Ut1,9.9,7.366586563654681e-05
修订后,Ut1,10.0,3.847488442565774e-05
修订后,Ut1,10.100000000000001,3.8231131903560306e-05
修订后,Ut1,10.200000000000001,5.763561484716897e-05
修订后,Ut1,10.3,4.9403167010259715e-05
修订后,Ut1,10.4,8.038071516688203e-05
修订后,Ut1,10.5,7.696134461546141e-05
修订后,Ut1,10.600000000000001,4.284069565704342e-05
修订后,Ut1,10.700000000000001,3.0135153862997073e-05
修订后,Ut1,10.8,2.2049002798852033e-05
修订后,Ut1,10.9,3.436384766341291e-05
修订后,Ut1,11.0,3.62618778209605e-05
修订后,Ut1,11.100000000000001,3.3578049560919404e-05
修订后,Ut1,11.200000000000001,5.2346296580146126e-05
修订后,Ut1,11.3,6.026905829763659e-05
修订后,Ut1,11.4,5.2326429517091714e-05
修订后,Ut1,11.5,5.0789947474913655e-05
修订后,Ut1,11.600000000000001,3.3792757578968726e-05
修订后,Ut1,11.700000000000001,5.811722979202408e-05
修订后,Ut1,11.8,6.704400249474591e-05
修订后,Ut1,11.9,5.27314599859232e-05
修订后,Ut1,12.0,4.587994173655733e-05
修订后,Ut1,12.100000000000001,7.119380243671405e-05
修订后,Ut1,12.200000000000001,4.385446580807145e-05
修订后,Ut1,12.3,2.864038530878435e-05
修订后,Ut1,12.4,4.432276357164689e-05
修订后,Ut1,12.5,4.604575754008789e-05
修订后,Ut1,12.600000000000001,5.4738849388666244e-05
修订后,Ut1,12.700000000000001,5.002125835293586e-05
修订后,Ut1,12.8,2.4406350728589674e-05
修订后,Ut1,12.9,1.5332165944520937e-05
修订后,Ut1,13.0,4.394837080593723e-05
修订后,Ut1,13.100000000000001,5.23324009718469e-05
修订后,Ut1,13.200000000000001,6.249140213060427e-05
修订后,Ut1,13.3,0.00010537850797293563
修订后,Ut1,13.4,8.506175193782779e-05
修订后,Ut1,13.5,8.819390005714912e-05
修订后,Ut1,13.600000000000001,6.64471999580323e-05
修订后,Ut1,13.700000000000001,5.7313656724983705e-05
修订后,Ut1,13.8,5.004611819494712e-05
修订后,Ut1,13.9,5.5515630423481376e-05
修订后,Ut1,14.0,4.1145133166825914e-05
修订后,Ut1,14.100000000000001,4.126925898301246e-05
修订后,Ut1,14.200000000000001,6.288315739648437e-05
修订后,Ut1,14.3,6.807412018936477e-05
修订后,Ut1,14.4,3.743624878081771e-05
修订后,Ut1,14.5,3.573671349339902e-05
修订后,Ut1,14.600000000000001,4.81821584612056e-05
修订后,Ut1,14.700000000000001,3.185304330619748e-05
修订后,Ut1,14.8,3.7761135296922706e-05
修订后,Ut1,14.9,4.9942861332765946e-05
修订后,Ut1,15.0,2.918626643935516e-05
修订后,Ut1,15.100000000000001,2.6012394708297457e-05
修订后,Ut1,15.200000000000001,3.112028431315094e-05
修订后,Ut1,15.3,4.123514597165115e-05
修订后,Ut1,15.4,2.976395457631321e-05
修订后,Ut1,15.5,3.640997253121065e-05
修订后,Ut1,15.600000000000001,7.286952521760511e-05
修订后,Ut1,15.700000000000001,5.2615694845843254e-05
修订后,Ut1,15.8,3.6896449173506766e-05
修订后,Ut1,15.9,2.5003098193293226e-05
修订后,Ut1,16.0,3.399519676481889e-05
修订后,Ut1,16.1,7.335599037185005e-05
修订后,Ut1,16.2,0.00019035734856778926
修订后,Ut1,16.3,0.00027383835901071026
修订后,Ut1,16.400000000000002,0.00017084582715861063
修订后,Ut1,16.5,2.5134937546752212e-05
修订后,Ut1,16.6,4.882640886032514e-05
修订后,Ut1,16.7,3.763492967282357e-05
修订后,Ut1,16.8,0.00019664062316717922
修订后,Ut1,16.900000000000002,0.00022171267581464916
修订后,Ut1,17.0,6.05911650524517e-05
修订后,Ut1,17.1,0.00019714389350298736
修订后,Ut1,17.2,0.00020601343197419332
修订后,Ut1,17.3,0.002071887770329884
修订后,Ut1,17.400000000000002,0.0037923892736004485
修订后,Ut1,17.5,0.0006417485146902124
修订后,Ut1,17.6,5.051249359690209e-05
修订后,Ut1,17.7,4.139834444681582e-05
修订后,Ut1,17.8,0.0015303496037094957
修订后,Ut1,17.900000000000002,0.005632419163161594
修订后,Ut1,18.0,0.0016294525811322623
修订后,Ut1,18.1,8.646883801111199e-05
修订后,Ut1,18.2,5.3831524554991715e-05
修订后,Ut1,18.3,8.982027591536338e-05
修订后,Ut1,18.400000000000002,0.00022787376869894116
修订后,Ut1,18.5,0.00015136520180819904
修订后,Ut1,18.6,6.95740241539097e-05
修订后,Ut1,18.7,6.896560496494228e-05
修订后,Ut1,18.8,0.00018770827740745416
修订后,Ut1,18.900000000000002,0.0033837316977777185
修订后,Ut1,19.0,0.0034774567629866503
修订后,Ut1,19.1,0.00024810759711662076
修订后,Ut1,19.200000000000003,3.495268058178562e-05
修订后,Ut1,19.3,6.446585308007929e-05
修订后,Ut1,19.400000000000002,0.0014209061097573922
修订后,Ut1,19.5,0.0026958406526074903
修订后,Ut1,19.6,0.0004126629381921439
修订后,Ut1,19.700000000000003,6.3668432806107e-05
修订后,Ut1,19.8,6.807112997833203e-05
修订后,Ut1,19.900000000000002,0.0009722192734522793
修订后,Ut1,20.0,0.003943884880229475
修订后,Ut1,20.1,0.0008973865948665145
修订后,Ut1,20.200000000000003,5.10198249039492e-05
修订后,Ut1,20.3,4.943315605199145e-05
修订后,Ut1,20.400000000000002,0.00029265381393586964
修订后,Ut1,20.5,0.0025026819694794642
修订后,Ut1,20.6,0.0013307813560487496
修订后,Ut1,20.700000000000003,5.041052157201474e-05
修订后,Ut1,20.8,2.7162198998979108e-05
修订后,Ut1,20.900000000000002,0.0002421153470002665
修订后,Ut1,21.0,0.0037824550413125056
修订后,Ut1,21.1,0.003637046711187345
修订后,Ut1,21.200000000000003,0.0001766887517220311
修订后,Ut1,21.3,6.061281984865825e-05
修订后,Ut1,21.400000000000002,5.0658136096369914e-05
修订后,Ut1,21.5,0.0002271683537746974
修订后,Ut1,21.6,0.00036170221535370035
修订后,Ut1,21.700000000000003,8.274746188779215e-05
修订后,Ut1,21.8,5.1479389073511906e-05
修订后,Ut1,21.900000000000002,9.263310299729314e-05
修订后,Ut1,22.0,0.001802690998070936
修订后,Ut1,22.1,0.005932807824769887
修订后,Ut1,22.200000000000003,0.0015919886595221235
修订后,Ut1,22.3,8.512623394784063e-05
修订后,Ut1,22.400000000000002,4.4557778623160515e-05
修订后,Ut1,22.5,0.0006026816508444426
修订后,Ut1,22.6,0.003567935158454662
修订后,Ut1,22.700000000000003,0.0018785916057285689
修订后,Ut1,22.8,0.00012714893280628273
修订后,Ut1,22.900000000000002,4.6103658795653794e-05
修订后,Ut1,23.0,8.213581218442296e-05
修订后,Ut1,23.1,0.00020550832027865678
修订后,Ut1,23.200000000000003,0.00018677980046717497
修订后,Ut1,23.3,3.8147220834108425e-05
修订后,Ut1,23.400000000000002,2.653252313585586e-05
修订后,Ut1,23.5,4.4839149729742096e-05
修订后,Ut1,23.6,0.0001900874765593753
修订后,Ut1,23.700000000000003,0.00030598601655197307
修订后,Ut1,23.8,0.00010393124430258277
修订后,Ut1,23.900000000000002,5.813294076728557e-05
修订后,Ut1,24.0,4.326793024680779e-05
修订后,Ut1,24.1,2.8722974498628182e-05
修订后,Ut1,24.200000000000003,2.8327607095094345e-05
修订后,Ut1,24.3,3.596450278045278e-05
修订后,Ut1,24.400000000000002,3.908355008411898e-05
修订后,Ut1,24.5,4.132920763497243e-05
修订后,Ut1,24.6,2.8342075665428137e-05
修订后,Ut1,24.700000000000003,4.271596115235016e-05
修订后,Ut1,24.8,4.169933685082771e-05
修订后,Ut1,24.900000000000002,5.470740548951954e-05
修订后,Ut1,25.0,5.7551412704711766e-05
修订后,Ut1,25.1,2.9667084771076557e-05
修订后,Ut1,25.200000000000003,2.53946690278595e-05
修订后,Ut1,25.3,3.7555486351802366e-05
修订后,Ut1,25.400000000000002,4.5587031214323785e-05
修订后,Ut1,25.5,4.157193600146185e-05
修订后,Ut1,25.6,5.180090251984771e-05
修订后,Ut1,25.700000000000003,6.683034305537452e-05
修订后,Ut1,25.8,3.4268422191842526e-05
修订后,Ut1,25.900000000000002,6.873203651951398e-05
修订后,Ut1,26.0,5.8325103708324455e-05
修订后,Ut1,26.1,2.5333805808215347e-05
修订后,Ut1,26.200000000000003,3.1465680477968486e-05
修订后,Ut1,26.3,4.931223664837334e-05
修订后,Ut1,26.400000000000002,4.401349041250054e-05
修订后,Ut1,26.5,3.9389823717685456e-05
修订后,Ut1,26.6,0.00012495982723333395
修订后,Ut1,26.700000000000003,0.00013241178416922145
修订后,Ut1,26.8,2.7908744482246794e-05
修订后,Ut1,26.900000000000002,7.817092221671013e-05
修订后,Ut1,27.0,6.410872679686197e-05
修订后,Ut1,27.1,3.582307501237522e-05
修订后,Ut1,27.200000000000003,7.588668846053482e-05
修订后,Ut1,27.3,7.490879327140497e-05
修订后,Ut1,27.400000000000002,5.743320152958921e-05
修订后,Ut1,27.5,4.147494731012998e-05
修订后,Ut1,27.6,6.879349821898406e-05
修订后,Ut1,27.700000000000003,5.054229668282781e-05
修订后,Ut1,27.8,4.86920914462364e-05
修订后,Ut1,27.900000000000002,3.659356046472137e-05
修订后,Ut1,28.0,1.9795755652826878e-05
修订后,Ut1,28.1,1.598065263077063e-05
修订后,Ut1,28.200000000000003,4.320890627229222e-05
修订后,Ut1,28.3,4.273840592497245e-05
修订后,Ut1,28.400000000000002,5.551423867445025e-05
修订后,Ut1,28.5,6.364222094765228e-05
修订后,Ut1,28.6,4.233333631831698e-05
修订后,Ut1,28.700000000000003,3.3021225435397076e-05
修订后,Ut1,28.8,3.1923090310237627e-05
修订后,Ut1,28.900000000000002,3.640362779791084e-05
修订后,Ut1,29.0,4.412817090072454e-05
修订后,Ut1,29.1,7.380568362766949e-05
修订后,Ut1,29.200000000000003,8.550630059520589e-05
修订后,Ut1,29.3,6.251655353101169e-05
修订后,Ut1,29.400000000000002,4.0254010988178925e-05
修订后,Ut1,29.5,6.143048497709421e-05
修订后,Ut1,29.6,6.271584891499544e-05
修订后,Ut1,29.700000000000003,5.166339261968092e-05
修订后,Ut1,29.8,6.03065330261053e-05
修订后,Ut1,29.900000000000002,6.277488894401788e-05
修订后,Ut1,30.0,4.8230673156299234e-05
修订后,Ut1,30.1,3.0142057300082644e-05
修订后,Ut1,30.200000000000003,2.771718834091705e-05
修订后,Ut1,30.3,3.297912287614905e-05
修订后,Ut1,30.400000000000002,4.2368694644202665e-05
修订后,Ut1,30.5,4.379043532888929e-05
修订后,Ut1,30.6,3.3989385392572065e-05
修订后,Ut1,30.700000000000003,5.605807250638899e-05
修订后,Ut1,30.8,5.082223893421648e-05
修订后,Ut1,30.900000000000002,7.815375273863462e-05
修订后,Ut1,31.0,9.998467051620581e-05
修订后,Ut1,31.1,9.270389721249676e-05
修订后,Ut1,31.200000000000003,4.59040259636059e-05
修订后,Ut1,31.3,3.202199402875643e-05
修订后,Ut1,31.400000000000002,4.5663655823725445e-05
修订后,Ut1,31.5,6.744766111172524e-05
修订后,Ut1,31.6,8.705230052481427e-05
修订后,Ut1,31.700000000000003,8.211163620559163e-05
修订后,Ut1,31.8,4.0615017038157414e-05
修订后,Ut1,31.900000000000002,2.7224129136120358e-05
修订后,Ut1,32.0,4.023705642763535e-05
修订后,Ut1,32.1,4.954524028876338e-05
修订后,Ut1,32.2,2.7801309656837366e-05
修订后,Ut1,32.300000000000004,4.094746148607842e-05
修订后,Ut1,32.4,6.011557347198737e-05
修订后,Ut1,32.5,4.919247914409292e-05
修订后,Ut1,32.6,5.4051503869196077e-05
修订后,Ut1,32.7,6.894376397109925e-05
修订后,Ut1,32.800000000000004,4.268891323478346e-05
修订后,Ut1,32.9,5.2900578447155204e-05
修订后,Ut1,33.0,4.638635144480013e-05
修订后,Ut1,33.1,5.197922567259476e-05
修订后,Ut1,33.2,0.0001104663622939372
修订后,Ut1,33.300000000000004,0.001209300777846034
修订后,Ut1,33.4,0.000823237699827347
修订后,Ut1,33.5,5.770242821838322e-05
修订后,Ut1,33.6,2.1937559360012966e-05
修订后,Ut1,33.7,3.303069947120727e-05
修订后,Ut1,33.800000000000004,3.486849689613144e-05
修订后,Ut1,33.9,2.601448039858886e-05
修订后,Ut1,34.0,4.148431997373059e-05
修订后,Ut1,34.1,6.038209753269805e-05
修订后,Ut1,34.2,4.341331797688575e-05
修订后,Ut1,34.300000000000004,4.416575909901677e-05
修订后,Ut1,34.4,5.77916393416602e-05
修订后,Ut1,34.5,4.1372843039742504e-05
修订后,Ut1,34.6,4.572257784122816e-05
修订后,Ut1,34.7,6.235056802402491e-05
修订后,Ut1,34.800000000000004,6.21138836453923e-05
修订后,Ut1,34.9,6.209088896091134e-05
修订后,Ut1,35.0,5.4358783920368666e-05
修订后,Ut1,35.1,8.218980719913245e-05
修订后,Ut1,35.2,6.187108643999419e-05
修订后,Ut1,35.300000000000004,4.778485150313256e-05
修订后,Ut1,35.4,3.633782408179445e-05
修订后,Ut1,35.5,2.6758068513449885e-05
修订后,Ut1,35.6,3.779627723127309e-05
修订后,Ut1,35.7,3.950403446315867e-05
修订后,Ut1,35.800000000000004,3.623933518178132e-05
修订后,Ut1,35.9,4.269514785879541e-05
修订后,Ut1,36.0,5.4441812495503314e-05
修订后,Ut1,36.1,5.718588637355297e-05
修订后,Ut1,36.2,6.641459028961969e-05
修订后,Ut1,36.300000000000004,0.00017571648507641596
修订后,Ut1,36.4,0.00015172025872750504
修订后,Ut1,36.5,7.979391461775629e-05
修订后,Ut1,36.6,5.885930110505091e-05
修订后,Ut1,36.7,8.914772442776129e-05
修订后,Ut1,36.800000000000004,0.0002107749506942678
修订后,Ut1,36.9,0.00018232074771873375
修订后,Ut1,37.0,4.816206110426047e-05
修订后,Ut1,37.1,5.5616152484907145e-05
修订后,Ut1,37.2,0.00017296782573193053
修订后,Ut1,37.300000000000004,0.0019043772870632565
修订后,Ut1,37.4,0.00367903765543202
修订后,Ut1,37.5,0.0006373094610268867
修订后,Ut1,37.6,9.301186992990968e-05
修订后,Ut1,37.7,0.00010185106291608635
修订后,Ut1,37.800000000000004,0.0014292148983795535
修订后,Ut1,37.9,0.00527137776888695
修订后,Ut1,38.0,0.0015043582885115481
修订后,Ut1,38.1,8.818583517547194e-05
修订后,Ut1,38.2,7.343733005097418e-05
修订后,Ut1,38.300000000000004,0.000114557532495944
修订后,Ut1,38.400000000000006,0.0003117982831449218
修订后,Ut1,38.5,0.00017977925843829868
修订后,Ut1,38.6,4.3276912967307294e-05
修订后,Ut1,38.7,2.819917989437334e-05
修订后,Ut1,38.800000000000004,0.00015319694215429192
修订后,Ut1,38.900000000000006,0.00354542157714957
修订后,Ut1,39.0,0.0037952724553706324
修订后,Ut1,39.1,0.00030560763651459066
修订后,Ut1,39.2,3.7777831735653753e-05
修订后,Ut1,39.300000000000004,4.4184725337251297e-05
修订后,Ut1,39.400000000000006,0.0012394978871719106
修订后,Ut1,39.5,0.002327838727088898
修订后,Ut1,39.6,0.00021845298145020865
修订后,Ut1,39.7,5.888608207837823e-05
修订后,Ut1,39.800000000000004,3.480503964585946e-05
修订后,Ut1,39.900000000000006,0.0006340010866609427
修订后,Ut1,40.0,0.002115722439221193
修订后,Ut1,40.1,0.0005789139773427289
修订后,Ut1,40.2,5.731935747685213e-05
修订后,Ut1,40.300000000000004,3.3728663632110324e-05
修订后,Ut1,40.400000000000006,0.00032808551784915336
修订后,Ut1,40.5,0.002286291514354535
修订后,Ut1,40.6,0.0011738454317554675
修订后,Ut1,40.7,6.41738204328443e-05
修订后,Ut1,40.800000000000004,6.245276538992076e-05
修订后,Ut1,40.900000000000006,0.00022399574832235658
修订后,Ut1,41.0,0.0032159319402860183
修订后,Ut1,41.1,0.0031226090943771113
修订后,Ut1,41.2,0.00013485912128931955
修订后,Ut1,41.300000000000004,5.9504577466517785e-05
修订后,Ut1,41.400000000000006,5.8806120624699844e-05
修订后,Ut1,41.5,0.0002236937652173399
修订后,Ut1,41.6,0.000359727571106574
修订后,Ut1,41.7,0.00010766106622907161
修订后,Ut1,41.800000000000004,6.744045001150395e-05
修订后,Ut1,41.900000000000006,9.034142766944068e-05
修订后,Ut1,42.0,0.0016507717759733224
修订后,Ut1,42.1,0.005708177264176032
修订后,Ut1,42.2,0.0017201547473199353
修订后,Ut1,42.300000000000004,7.292454728125042e-05
修订后,Ut1,42.400000000000006,6.818839854589037e-05
修订后,Ut1,42.5,0.0005975524367376762
修订后,Ut1,42.6,0.003638469802025944
修订后,Ut1,42.7,0.0018421607411031914
修订后,Ut1,42.800000000000004,0.00012105115990744311
修订后,Ut1,42.900000000000006,7.279219976965265e-05
修订后,Ut1,43.0,4.3672921478782186e-05
修订后,Ut1,43.1,0.0001619537964243976
修订后,Ut1,43.2,0.00017874987310641894
修订后,Ut1,43.300000000000004,6.031728461953426e-05
修订后,Ut1,43.400000000000006,5.0013610073166935e-05
修订后,Ut1,43.5,6.0358100069937255e-05
修订后,Ut1,43.6,0.00016272749225516018
修订后,Ut1,43.7,0.00027536291109924176
修订后,Ut1,43.800000000000004,9.417679142121738e-05
修订后,Ut1,43.900000000000006,4.287719889796116e-05
修订后,Ut1,44.0,6.872846160460234e-05
修订后,Ut1,44.1,6.301955554620724e-05
修订后,Ut1,44.2,3.626970086021844e-05
修订后,Ut1,44.300000000000004,3.339633666419705e-05
修订后,Ut1,44.400000000000006,3.8186193375291884e-05
修订后,Ut1,44.5,3.4863704229086885e-05
修订后,Ut1,44.6,6.77115065113748e-05
修订后,Ut1,44.7,5.326880740712961e-05
修订后,Ut1,44.800000000000004,5.246175507503001e-05
修订后,Ut1,44.900000000000006,6.030968589955481e-05
修订后,Ut1,45.0,5.3876066894877554e-05
修订后,Ut1,45.1,2.713866085425094e-05
修订后,Ut1,45.2,3.7189177612265206e-05
修订后,Ut1,45.300000000000004,3.2299637301784144e-05
修订后,Ut1,45.400000000000006,3.348035829398275e-05
修订后,Ut1,45.5,3.506602046442336e-05
修订后,Ut1,45.6,4.1018482357254195e-05
修订后,Ut1,45.7,2.8791688695596695e-05
修订后,Ut1,45.800000000000004,2.775670844993173e-05
修订后,Ut1,45.900000000000006,3.0209988798364854e-05
修订后,Ut1,46.0,3.2056437551897356e-05
修订后,Ut1,46.1,3.217035049358005e-05
修订后,Ut1,46.2,3.12506777622718e-05
修订后,Ut1,46.300000000000004,4.329466144571633e-05
修订后,Ut1,46.400000000000006,4.838605243896928e-05
修订后,Ut1,46.5,3.147449230317461e-05
修订后,Ut1,46.6,5.973489153165462e-05
修订后,Ut1,46.7,6.35768851335287e-05
修订后,Ut1,46.800000000000004,3.3116618312317165e-05
修订后,Ut1,46.900000000000006,3.418115843221477e-05
修订后,Ut1,47.0,3.5726998098225776e-05
修订后,Ut1,47.1,3.097682331468168e-05
修订后,Ut1,47.2,3.4518453906242464e-05
修订后,Ut1,47.300000000000004,4.114288838614908e-05
修订后,Ut1,47.400000000000006,4.5587270877154924e-05
修订后,Ut1,47.5,3.32352079293508e-05
修订后,Ut1,47.6,2.896468675315119e-05
修订后,Ut1,47.7,5.001393606726158e-05
修订后,Ut1,47.800000000000004,4.096853042091626e-05
修订后,Ut1,47.900000000000006,4.023404723738507e-05
修订后,Ut1,48.0,2.479123257844417e-05
修订后,Ut1,48.1,3.5472449081639736e-05
修订后,Ut1,48.2,6.20210403218955e-05
修订后,Ut1,48.300000000000004,5.003869419460253e-05
修订后,Ut1,48.400000000000006,4.0678065314067996e-05
修订后,Ut1,48.5,3.933415385222962e-05
修订后,Ut1,48.6,4.67295366270774e-05
修订后,Ut1,48.7,2.901793712379412e-05
修订后,Ut1,48.800000000000004,5.6581393921499186e-05
修订后,Ut1,48.900000000000006,5.055331707139741e-05
修订后,Ut1,49.0,3.581194561941314e-05
修订后,Ut1,49.1,4.9098264029623356e-05
修订后,Ut1,49.2,5.750665367518896e-05
修订后,Ut1,49.300000000000004,3.11194077632862e-05
修订后,Ut1,49.400000000000006,2.3024766467358727e-05
修订后,Ut1,49.5,0.00014923638935260218
修订后,Ut1,49.6,0.0001334978705464984
修订后,Ut1,49.7,3.545168962575584e-05
修订后,Ut1,49.800000000000004,2.390621950046392e-05
修订后,Ut1,49.900000000000006,5.55984785823424e-05
修订后,Ut1,50.0,5.7081331924286834e-05
修订后,Ut2,0.0,0.00013912597415016007
修订后,Ut2,0.1,0.00026532145569184705
修订后,Ut2,0.2,0.00030758183198330253
修订后,Ut2,0.30000000000000004,0.00040899082360999436
修订后,Ut2,0.4,0.0017880181180027822
修订后,Ut2,0.5,0.012415727186931803
修订后,Ut2,0.6000000000000001,0.006297333175123639
修订后,Ut2,0.7000000000000001,0.0001987093156022389
修订后,Ut2,0.8,7.92470419725636e-05
修订后,Ut2,0.9,0.0013323525047709962
修订后,Ut2,1.0,0.023354052697646743
修订后,Ut2,1.1,0.0229951605109891
修订后,Ut2,1.2000000000000002,0.001145163050545336
修订后,Ut2,1.3,0.00017313089304239897
修订后,Ut2,1.4000000000000001,0.0010703535519721123
修订后,Ut2,1.5,0.03198345113669118
修订后,Ut2,1.6,0.05783994812477012
修订后,Ut2,1.7000000000000002,0.006683139489104598
修订后,Ut2,1.8,0.00031098366686265784
修订后,Ut2,1.9000000000000001,0.00020883920120875172
修订后,Ut2,2.0,0.005402052315797208
修订后,Ut2,2.1,0.01821662615503881
修订后,Ut2,2.2,0.004970762000825766
修订后,Ut2,2.3000000000000003,0.00015883713371184623
修订后,Ut2,2.4000000000000004,0.00029401857821998687
修订后,Ut2,2.5,0.005424561199397312
修订后,Ut2,2.6,0.03433616213211914
修订后,Ut2,2.7,0.01850194662895728
修订后,Ut2,2.8000000000000003,0.0011239648021568048
修订后,Ut2,2.9000000000000004,0.00021548287689236161
修订后,Ut2,3.0,0.0010233632451237566
修订后,Ut2,3.1,0.007870449363172397
修订后,Ut2,3.2,0.007590980017133167
修订后,Ut2,3.3000000000000003,0.0009582290540463899
修订后,Ut2,3.4000000000000004,0.00019122520542634407
修订后,Ut2,3.5,0.0001340990247721477
修订后,Ut2,3.6,0.00039651059022633524
修订后,Ut2,3.7,0.0006902011660037977
修订后,Ut2,3.8000000000000003,0.00021838648010910085
修订后,Ut2,3.9000000000000004,8.328801811828108e-05
修订后,Ut2,4.0,4.110184577620028e-05
修订后,Ut2,4.1000000000000005,0.00010812978968607977
修订后,Ut2,4.2,0.00010709557736977428
修订后,Ut2,4.3,8.211504954761792e-05
修订后,Ut2,4.4,9.875796528173497e-05
修订后,Ut2,4.5,6.386470838849945e-05
修订后,Ut2,4.6000000000000005,9.177050437277819e-05
修订后,Ut2,4.7,0.00014487809869830634
修订后,Ut2,4.800000000000001,0.00010491505522456732
修订后,Ut2,4.9,7.302598932992816e-05
修订后,Ut2,5.0,6.466007798443463e-05
修订后,Ut2,5.1000000000000005,6.457739808887606e-05
修订后,Ut2,5.2,5.94412400159988e-05
修订后,Ut2,5.300000000000001,9.01600642363051e-05
修订后,Ut2,5.4,8.466898008336039e-05
修订后,Ut2,5.5,5.1258015622872776e-05
修订后,Ut2,5.6000000000000005,5.4833999628999546e-05
修订后,Ut2,5.7,6.396764747187412e-05
修订后,Ut2,5.800000000000001,8.980939933419923e-05
修订后,Ut2,5.9,7.529626805274065e-05
修订后,Ut2,6.0,6.246499428172739e-05
修订后,Ut2,6.1000000000000005,8.476391713408365e-05
修订后,Ut2,6.2,6.894936310116046e-05
修订后,Ut2,6.300000000000001,9.170689771703437e-05
修订后,Ut2,6.4,7.675672092933542e-05
修订后,Ut2,6.5,7.689309390134098e-05
修订后,Ut2,6.6000000000000005,0.0006991310935459483
修订后,Ut2,6.7,0.0011180668066737606
修订后,Ut2,6.800000000000001,0.00015005996076524722
修订后,Ut2,6.9,8.660364338963313e-05
修订后,Ut2,7.0,7.754544846448186e-05
修订后,Ut2,7.1000000000000005,9.76548664079206e-05
修订后,Ut2,7.2,9.762656677948251e-05
修订后,Ut2,7.300000000000001,7.059555737684831e-05
修订后,Ut2,7.4,7.51684597615549e-05
修订后,Ut2,7.5,0.00010452608692344116
修订后,Ut2,7.6000000000000005,0.00010185110687698506
修订后,Ut2,7.7,0.00012123076696480112
修订后,Ut2,7.800000000000001,8.767309743705193e-05
修订后,Ut2,7.9,0.00010035103290080215
修订后,Ut2,8.0,0.00011253685054965365
修订后,Ut2,8.1,6.305585439972724e-05
修订后,Ut2,8.200000000000001,6.51324903814484e-05
修订后,Ut2,8.3,3.6514899457098886e-05
修订后,Ut2,8.4,4.80503632157702e-05
修订后,Ut2,8.5,7.821464881265114e-05
修订后,Ut2,8.6,9.146083146234497e-05
修订后,Ut2,8.700000000000001,9.741357187734383e-05
修订后,Ut2,8.8,5.703152068743705e-05
修订后,Ut2,8.9,5.0003918509346065e-05
修订后,Ut2,9.0,5.304280163311307e-05
修订后,Ut2,9.1,5.923446431128771e-05
修订后,Ut2,9.200000000000001,9.020176521753807e-05
修订后,Ut2,9.3,7.13673991724069e-05
修订后,Ut2,9.4,4.615917145669953e-05
修订后,Ut2,9.5,8.860540638325286e-05
修订后,Ut2,9.600000000000001,8.418711815779697e-05
修订后,Ut2,9.700000000000001,4.494554108499898e-05
修订后,Ut2,9.8,7.92387988108273e-05
修订后,Ut2,9.9,0.00011811935680712697
修订后,Ut2,10.0,0.00013573197531604298
修订后,Ut2,10.100000000000001,8.388410489020366e-05
修订后,Ut2,10.200000000000001,6.792380804811516e-05
修订后,Ut2,10.3,6.430076404612666e-05
修订后,Ut2,10.4,9.31491352662859e-05
修订后,Ut2,10.5,0.00010521976399051215
修订后,Ut2,10.600000000000001,9.497274814606562e-05
修订后,Ut2,10.700000000000001,6.623655889529024e-05
修订后,Ut2,10.8,0.00011974723905981656
修订后,Ut2,10.9,0.0001003306330496421
修订后,Ut2,11.0,6.056279890574829e-05
修订后,Ut2,11.100000000000001,5.072026111576401e-05
修订后,Ut2,11.200000000000001,5.79020440025277e-05
修订后,Ut2,11.3,0.00011882978705515774
修订后,Ut2,11.4,0.00011952547018907284
修订后,Ut2,11.5,7.756307774238332e-05
修订后,Ut2,11.600000000000001,5.495263983004669e-05
修订后,Ut2,11.700000000000001,6.996055785691092e-05
修订后,Ut2,11.8,6.856587361177455e-05
修订后,Ut2,11.9,8.934186734004998e-05
修订后,Ut2,12.0,8.309922788978862e-05
修订后,Ut2,12.100000000000001,0.0001100695087611583
修订后,Ut2,12.200000000000001,0.00012654372335685568
修订后,Ut2,12.3,7.609243197491026e-05
修订后,Ut2,12.4,8.659695775115945e-05
修订后,Ut2,12.5,0.00012988270844959668
修订后,Ut2,12.600000000000001,0.00012313163273413135
修订后,Ut2,12.700000000000001,0.00011156467079793019
修订后,Ut2,12.8,0.00010294460218633889
修订后,Ut2,12.9,7.468635983834418e-05
修订后,Ut2,13.0,4.999905416542253e-05
修订后,Ut2,13.100000000000001,6.054765061357592e-05
修订后,Ut2,13.200000000000001,0.0001289780218227465
修订后,Ut2,13.3,0.0006929827194752784
修订后,Ut2,13.4,0.0004714791363682562
修订后,Ut2,13.5,7.851076816134517e-05
修订后,Ut2,13.600000000000001,9.39908473076275e-05
修订后,Ut2,13.700000000000001,0.00010203196242112148
修订后,Ut2,13.8,0.00011980312365045372
修订后,Ut2,13.9,0.00012117998310120243
修订后,Ut2,14.0,0.00011411112096991203
修订后,Ut2,14.100000000000001,9.446664803918616e-05
修订后,Ut2,14.200000000000001,7.764986202099789e-05
修订后,Ut2,14.3,0.00011182821292409387
修订后,Ut2,14.4,0.00011996641145035637
修订后,Ut2,14.5,8.317943320686898e-05
修订后,Ut2,14.600000000000001,5.332371134243248e-05
修订后,Ut2,14.700000000000001,5.425243775163597e-05
修订后,Ut2,14.8,6.681042754757997e-05
修订后,Ut2,14.9,6.469345392111956e-05
修订后,Ut2,15.0,3.600198027827572e-05
修订后,Ut2,15.100000000000001,6.957902573970374e-05
修订后,Ut2,15.200000000000001,6.397484393766622e-05
修订后,Ut2,15.3,0.00017674428771871151
修订后,Ut2,15.4,0.00013765987548511143
修订后,Ut2,15.5,0.00010422601923032508
修订后,Ut2,15.600000000000001,7.768957634977693e-05
修订后,Ut2,15.700000000000001,8.739799534077366e-05
修订后,Ut2,15.8,0.00010567465736335374
修订后,Ut2,15.9,0.00012313490378660892
修订后,Ut2,16.0,8.844989838724848e-05
修订后,Ut2,16.1,6.385892431289979e-05
修订后,Ut2,16.2,0.00023696695539959068
修订后,Ut2,16.3,0.00033249711847929073
修订后,Ut2,16.400000000000002,0.0002181322213197688
修订后,Ut2,16.5,9.45192886994147e-05
修订后,Ut2,16.6,6.298305077427983e-05
修订后,Ut2,16.7,6.166936893525748e-05
修订后,Ut2,16.8,0.000178579103370662
修订后,Ut2,16.900000000000002,0.0001909718989159809
修订后,Ut2,17.0,9.977904200021364e-05
修订后,Ut2,17.1,9.605729660231063e-05
修订后,Ut2,17.2,0.00011283830809980488
修订后,Ut2,17.3,0.001896775252720375
修订后,Ut2,17.400000000000002,0.0036320342910205767
修订后,Ut2,17.5,0.0007697763997282444
修订后,Ut2,17.6,0.0001457208124869642
修订后,Ut2,17.7,7.667670974082782e-05
修订后,Ut2,17.8,0.0017069661952752772
修订后,Ut2,17.900000000000002,0.006437388821627515
修订后,Ut2,18.0,0.0021946733048229436
修订后,Ut2,18.1,0.00016030990385582664
修订后,Ut2,18.2,6.473138550130122e-05
修订后,Ut2,18.3,0.00012249332032321494
修订后,Ut2,18.400000000000002,0.00026389149916085277
修订后,Ut2,18.5,0.00018529242787957928
修订后,Ut2,18.6,8.526543895067297e-05
修订后,Ut2,18.7,7.923674621703678e-05
修订后,Ut2,18.8,0.0002584196918260293
修订后,Ut2,18.900000000000002,0.004442232418467836
修订后,Ut2,19.0,0.004559238404868391
修订后,Ut2,19.1,0.00027196266959510803
修订后,Ut2,19.200000000000003,9.467914566302741e-05
修订后,Ut2,19.3,0.00012546904757621748
修订后,Ut2,19.400000000000002,0.0017428366945742189
修订后,Ut2,19.5,0.0031668358119365273
修订后,Ut2,19.6,0.0004186454694356646
修订后,Ut2,19.700000000000003,7.741096501058791e-05
修订后,Ut2,19.8,7.356137291093033e-05
修订后,Ut2,19.900000000000002,0.00021313113273504025
修订后,Ut2,20.0,0.0006423271115410916
修订后,Ut2,20.1,0.00017585182194798917
修订后,Ut2,20.200000000000003,8.758548963147761e-05
修订后,Ut2,20.3,0.00015892033656382762
修订后,Ut2,20.400000000000002,0.0005301167251967656
修订后,Ut2,20.5,0.0033455893800651017
修订后,Ut2,20.6,0.0018366297322856236
修订后,Ut2,20.700000000000003,0.00015130469283038754
修订后,Ut2,20.8,6.0494679549319424e-05
修订后,Ut2,20.900000000000002,0.0003381829760342014
修订后,Ut2,21.0,0.003992220139474346
修订后,Ut2,21.1,0.0038985760882236627
修订后,Ut2,21.200000000000003,0.00022786348457697568
修订后,Ut2,21.3,0.00013230114314502552
修订后,Ut2,21.400000000000002,7.36546813632593e-05
修订后,Ut2,21.5,0.00021214334605530781
修订后,Ut2,21.6,0.0002931881820634262
修订后,Ut2,21.700000000000003,9.362613908259657e-05
修订后,Ut2,21.8,7.894509163894986e-05
修订后,Ut2,21.900000000000002,0.0001478502409371068
修订后,Ut2,22.0,0.001740804217958173
修订后,Ut2,22.1,0.005863316627101479
修订后,Ut2,22.200000000000003,0.0016480901019053655
修订后,Ut2,22.3,0.00012196818891856389
修订后,Ut2,22.400000000000002,0.00015969526565600957
修订后,Ut2,22.5,0.0006639058477755332
修订后,Ut2,22.6,0.004031108492413435
修订后,Ut2,22.700000000000003,0.0021889407714210237
修订后,Ut2,22.8,0.000278136897520904
修订后,Ut2,22.900000000000002,0.0001522639696230658
修订后,Ut2,23.0,8.151328029962923e-05
修订后,Ut2,23.1,0.0001772302032392734
修订后,Ut2,23.200000000000003,0.0002266669144341894
修订后,Ut2,23.3,0.00010053199392106243
修订后,Ut2,23.400000000000002,5.858321357073877e-05
修订后,Ut2,23.5,0.00010314345590594567
修订后,Ut2,23.6,0.00014648231910224351
修订后,Ut2,23.700000000000003,0.000234982612403809
修订后,Ut2,23.8,0.00015400784269228493
修订后,Ut2,23.900000000000002,0.00012183789986124724
修订后,Ut2,24.0,0.00010204608489161119
修订后,Ut2,24.1,8.127028970493201e-05
修订后,Ut2,24.200000000000003,7.202325670556273e-05
修订后,Ut2,24.3,0.00011263979042732825
修订后,Ut2,24.400000000000002,0.00011589495802383902
修订后,Ut2,24.5,9.421046587319866e-05
修订后,Ut2,24.6,0.0001561683318419806
修订后,Ut2,24.700000000000003,0.00015164673888488743
修订后,Ut2,24.8,0.00012549627167552973
修订后,Ut2,24.900000000000002,5.676817192762569e-05
修订后,Ut2,25.0,4.767267385555733e-05
修订后,Ut2,25.1,7.175147834627257e-05
修订后,Ut2,25.200000000000003,0.00010442892100482922
修订后,Ut2,25.3,0.00010551642683205783
修订后,Ut2,25.400000000000002,9.987679190355325e-05
修订后,Ut2,25.5,0.00010696964774534467
修订后,Ut2,25.6,7.09595880126106e-05
修订后,Ut2,25.700000000000003,0.00012265990707286924
修订后,Ut2,25.8,0.00013576814917395054
修订后,Ut2,25.900000000000002,0.00014061358994483378
修订后,Ut2,26.0,8.172902151687952e-05
修订后,Ut2,26.1,7.862925073896466e-05
修订后,Ut2,26.200000000000003,4.9091292363101496e-05
修订后,Ut2,26.3,4.2365762759567034e-05
修订后,Ut2,26.400000000000002,3.716483206280435e-05
修订后,Ut2,26.5,7.023470192372772e-05
修订后,Ut2,26.6,0.0007396892958811059
修订后,Ut2,26.700000000000003,0.0012330821957967654
修订后,Ut2,26.8,0.0002861274369450069
修订后,Ut2,26.900000000000002,6.323200557465775e-05
修订后,Ut2,27.0,5.924335882983146e-05
修订后,Ut2,27.1,5.7892474878603665e-05
修订后,Ut2,27.200000000000003,9.162015295133288e-05
修订后,Ut2,27.3,0.00010887252548322862
修订后,Ut2,27.400000000000002,0.00010437843005598404
修订后,Ut2,27.5,9.135972868294927e-05
修订后,Ut2,27.6,5.280345013504387e-05
修订后,Ut2,27.700000000000003,7.668103120725521e-05
修订后,Ut2,27.8,6.228945086026282e-05
修订后,Ut2,27.900000000000002,0.000124457266763918
修订后,Ut2,28.0,9.979137879160687e-05
修订后,Ut2,28.1,5.975194212361478e-05
修订后,Ut2,28.200000000000003,8.116530720421407e-05
修订后,Ut2,28.3,0.00010126379177803204
修订后,Ut2,28.400000000000002,7.057113465730626e-05
修订后,Ut2,28.5,8.593973728241419e-05
修订后,Ut2,28.6,0.00011576644643024412
修订后,Ut2,28.700000000000003,9.360470734923435e-05
修订后,Ut2,28.8,0.00010879711192586069
修订后,Ut2,28.900000000000002,0.00011737540389368469
修订后,Ut2,29.0,8.468305802981267e-05
修订后,Ut2,29.1,9.6197504473848e-05
修订后,Ut2,29.200000000000003,0.000101516657367724
修订后,Ut2,29.3,9.954779786518739e-05
修订后,Ut2,29.400000000000002,9.276711903509295e-05
修订后,Ut2,29.5,0.00011423640991322821
修订后,Ut2,29.6,0.00010923802389306633
修订后,Ut2,29.700000000000003,0.00010603924374224926
修订后,Ut2,29.8,7.440875854989173e-05
修订后,Ut2,29.900000000000002,6.531945744936286e-05
修订后,Ut2,30.0,6.325486424434204e-05
修订后,Ut2,30.1,7.959495165157706e-05
修订后,Ut2,30.200000000000003,8.962143076866446e-05
修订后,Ut2,30.3,7.849335211440692e-05
修订后,Ut2,30.400000000000002,7.142886223208566e-05
修订后,Ut2,30.5,7.706280260673295e-05
修订后,Ut2,30.6,7.328075642101411e-05
修订后,Ut2,30.700000000000003,6.246741905689788e-05
修订后,Ut2,30.8,7.138868702247237e-05
修订后,Ut2,30.900000000000002,7.83506026405329e-05
修订后,Ut2,31.0,7.184618140448391e-05
修订后,Ut2,31.1,4.6300625040874324e-05
修订后,Ut2,31.200000000000003,6.931053728498943e-05
修订后,Ut2,31.3,9.164934656667056e-05
修订后,Ut2,31.400000000000002,9.107281203068937e-05
修订后,Ut2,31.5,9.14946517014169e-05
修订后,Ut2,31.6,8.588259501383829e-05
修订后,Ut2,31.700000000000003,4.17901411501652e-05
修订后,Ut2,31.8,4.354584097640964e-05
修订后,Ut2,31.900000000000002,9.308110010046337e-05
修订后,Ut2,32.0,0.0001035373460706003
修订后,Ut2,32.1,9.044048367562201e-05
修订后,Ut2,32.2,7.522101825522817e-05
修订后,Ut2,32.300000000000004,0.00013709780418311317
修订后,Ut2,32.4,0.0002868878653524323
修订后,Ut2,32.5,0.0001868125010271488
修订后,Ut2,32.6,7.550271202147796e-05
修订后,Ut2,32.7,6.222431727797613e-05
修订后,Ut2,32.800000000000004,8.514517657793982e-05
修订后,Ut2,32.9,5.9810760693768526e-05
修订后,Ut2,33.0,6.115651980315409e-05
修订后,Ut2,33.1,0.00011314101331101586
修订后,Ut2,33.2,0.0007923111513484557
修订后,Ut2,33.300000000000004,0.009509307208226115
修订后,Ut2,33.4,0.006670419711618653
修订后,Ut2,33.5,0.00022318066170575908
修订后,Ut2,33.6,5.9735308443611794e-05
修订后,Ut2,33.7,8.123624506502968e-05
修订后,Ut2,33.800000000000004,0.00010759084736900482
修订后,Ut2,33.9,8.775922439025959e-05
修订后,Ut2,34.0,7.519397975122582e-05
修订后,Ut2,34.1,0.00012674893516005428
修订后,Ut2,34.2,0.00019204953567243945
修订后,Ut2,34.300000000000004,0.0002209901019880993
修订后,Ut2,34.4,8.784276126328291e-05
修订后,Ut2,34.5,6.108935715392077e-05
修订后,Ut2,34.6,5.9404612442196684e-05
修订后,Ut2,34.7,0.00010874142145252107
修订后,Ut2,34.800000000000004,0.0001402724543885518
修订后,Ut2,34.9,8.149914023795661e-05
修订后,Ut2,35.0,7.251665847961032e-05
修订后,Ut2,35.1,0.00010076847041513391
修订后,Ut2,35.2,0.0001410771342461912
修订后,Ut2,35.300000000000004,0.00013264405151496968
修订后,Ut2,35.4,0.00010486132494549774
修订后,Ut2,35.5,9.341319083596256e-05
修订后,Ut2,35.6,8.260762322009355e-05
修订后,Ut2,35.7,8.431862216481794e-05
修订后,Ut2,35.800000000000004,8.345912672210681e-05
修订后,Ut2,35.9,6.529478972518714e-05
修订后,Ut2,36.0,3.692559006359497e-05
修订后,Ut2,36.1,0.00010838850089722744
修订后,Ut2,36.2,0.00015229598670806027
修订后,Ut2,36.300000000000004,0.0003308053771809202
修订后,Ut2,36.4,0.0002160328904773766
修订后,Ut2,36.5,9.445177950109774e-05
修订后,Ut2,36.6,7.980746358275908e-05
修订后,Ut2,36.7,0.00011037186337236293
修订后,Ut2,36.800000000000004,0.00022687296633111317
修订后,Ut2,36.9,0.00019997089674559157
修订后,Ut2,37.0,0.00010288569330139862
修订后,Ut2,37.1,0.00010385937153046284
修订后,Ut2,37.2,0.00016727846487672772
修订后,Ut2,37.300000000000004,0.002234842875931255
修订后,Ut2,37.4,0.004207484855390023
修订后,Ut2,37.5,0.0007926163057022914
修订后,Ut2,37.6,0.000129292159374767
修订后,Ut2,37.7,9.290891074356924e-05
修订后,Ut2,37.800000000000004,0.001216257173369796
修订后,Ut2,37.9,0.005253078616579246
修订后,Ut2,38.0,0.001729588595040319
修订后,Ut2,38.1,0.00013598363727349258
修订后,Ut2,38.2,5.9081048849882146e-05
修订后,Ut2,38.300000000000004,0.00010722465694559054
修订后,Ut2,38.400000000000006,0.0003444217952529426
修订后,Ut2,38.5,0.0002124140382194907
修订后,Ut2,38.6,8.347799344822013e-05
修订后,Ut2,38.7,0.00010646130703487644
修订后,Ut2,38.800000000000004,0.0003133689649898893
修订后,Ut2,38.900000000000006,0.004069235483010055
修订后,Ut2,39.0,0.004013146684171934
修订后,Ut2,39.1,0.00023447064422353595
修订后,Ut2,39.2,0.00013017583822650267
修订后,Ut2,39.300000000000004,7.248450827156833e-05
修订后,Ut2,39.400000000000006,0.0017969700994884194
修订后,Ut2,39.5,0.0035977119276886086
修订后,Ut2,39.6,0.0004982749097287756
修订后,Ut2,39.7,7.219751616822203e-05
修订后,Ut2,39.800000000000004,7.496390608890587e-05
修订后,Ut2,39.900000000000006,0.00017168879343228756
修订后,Ut2,40.0,0.000417578633932747
修订后,Ut2,40.1,0.00018685526118635711
修订后,Ut2,40.2,8.627644631236146e-05
修订后,Ut2,40.300000000000004,9.064478435401716e-05
修订后,Ut2,40.400000000000006,0.00035096695650882183
修订后,Ut2,40.5,0.003201671932795125
修订后,Ut2,40.6,0.0016028955952029091
修订后,Ut2,40.7,0.00012203587197696068
修订后,Ut2,40.800000000000004,0.00012145727876681258
修订后,Ut2,40.900000000000006,0.00039614657148025564
修订后,Ut2,41.0,0.0039011609750714076
修订后,Ut2,41.1,0.0037355201729321096
修订后,Ut2,41.2,0.00020653324995879139
修订后,Ut2,41.300000000000004,6.585570139158106e-05
修订后,Ut2,41.400000000000006,0.00015664888318990026
修订后,Ut2,41.5,0.00025403077295850447
修订后,Ut2,41.6,0.00032597607277461035
修订后,Ut2,41.7,0.00015439532831694813
修订后,Ut2,41.800000000000004,0.00010071330053242036
修订后,Ut2,41.900000000000006,0.00017674041557022192
修订后,Ut2,42.0,0.00218016762602536
修订后,Ut2,42.1,0.006537032654468881
修订后,Ut2,42.2,0.0017289873052357082
修订后,Ut2,42.300000000000004,5.3915783503105576e-05
修订后,Ut2,42.400000000000006,6.61466587212191e-05
修订后,Ut2,42.5,0.0006071446796341244
修订后,Ut2,42.6,0.003571412983293427
修订后,Ut2,42.7,0.002038348202833514
修订后,Ut2,42.800000000000004,0.0002650568617593448
修订后,Ut2,42.900000000000006,0.00013702404427249444
修订后,Ut2,43.0,0.00012547069810500447
修订后,Ut2,43.1,0.00024565642357748826
修订后,Ut2,43.2,0.00024313256003125964
修订后,Ut2,43.300000000000004,8.195828106288118e-05
修订后,Ut2,43.400000000000006,5.5081018915487005e-05
修订后,Ut2,43.5,7.382737121236546e-05
修订后,Ut2,43.6,0.0002470196329129794
修订后,Ut2,43.7,0.00032361310178506453
修订后,Ut2,43.800000000000004,0.00011944120929042201
修订后,Ut2,43.900000000000006,9.523469028656457e-05
修订后,Ut2,44.0,6.999095740697575e-05
修订后,Ut2,44.1,7.236482758847563e-05
修订后,Ut2,44.2,4.358098549066391e-05
修订后,Ut2,44.300000000000004,5.834792914441547e-05
修订后,Ut2,44.400000000000006,6.988193240914752e-05
修订后,Ut2,44.5,7.619781562704342e-05
修订后,Ut2,44.6,9.056838496176706e-05
修订后,Ut2,44.7,0.00011227629287638668
修订后,Ut2,44.800000000000004,7.040408491282306e-05
修订后,Ut2,44.900000000000006,5.120162306377558e-05
修订后,Ut2,45.0,7.067225575439957e-05
修订后,Ut2,45.1,8.492023021302199e-05
修订后,Ut2,45.2,0.00010040922850819283
修订后,Ut2,45.300000000000004,0.00010020566364705901
修订后,Ut2,45.400000000000006,0.00017109394319030763
修订后,Ut2,45.5,0.00010339634114438222
修订后,Ut2,45.6,0.00011372401916157903
修订后,Ut2,45.7,0.0001174342728023545
修订后,Ut2,45.800000000000004,9.833340875915023e-05
修订后,Ut2,45.900000000000006,6.878525026791799e-05
修订后,Ut2,46.0,5.951743699904887e-05
修订后,Ut2,46.1,9.540621876545923e-05
修订后,Ut2,46.2,0.00010553132069422152
修订后,Ut2,46.300000000000004,8.264658966771968e-05
修订后,Ut2,46.400000000000006,6.080698653719804e-05
修订后,Ut2,46.5,7.590474386485458e-05
修订后,Ut2,46.6,0.0005224519137068642
修订后,Ut2,46.7,0.000856101019138172
修订后,Ut2,46.800000000000004,0.00020814919021639908
修订后,Ut2,46.900000000000006,6.998927718738114e-05
修订后,Ut2,47.0,0.00010756745618799119
修订后,Ut2,47.1,0.00012599678311232194
修订后,Ut2,47.2,9.373921094928285e-05
修订后,Ut2,47.300000000000004,5.38049845766319e-05
修订后,Ut2,47.400000000000006,3.2689462619385574e-05
修订后,Ut2,47.5,5.323079974451434e-05
修订后,Ut2,47.6,9.539569553531531e-05
修订后,Ut2,47.7,0.0001743779432593273
修订后,Ut2,47.800000000000004,0.00013363618330308023
修订后,Ut2,47.900000000000006,0.00010539352969487679
修订后,Ut2,48.0,9.09495788683473e-05
修订后,Ut2,48.1,0.00015399056141084284
修订后,Ut2,48.2,8.3277250137006e-05
修订后,Ut2,48.300000000000004,4.4923624738843784e-05
修订后,Ut2,48.400000000000006,6.305050659346183e-05
修订后,Ut2,48.5,5.02952566915656e-05
修订后,Ut2,48.6,0.0001937798017022079
修订后,Ut2,48.7,0.00021245914215233888
修订后,Ut2,48.800000000000004,0.0001760612349782126
修订后,Ut2,48.900000000000006,0.0001396384528551812
修订后,Ut2,49.0,0.00010932316114570153
修订后,Ut2,49.1,0.00010459243708426397
修订后,Ut2,49.2,8.985344843489761e-05
修订后,Ut2,49.300000000000004,9.291133070271885e-05
修订后,Ut2,49.400000000000006,0.00010262326448608728
修订后,Ut2,49.5,0.00022089749418610654
修订后,Ut2,49.6,0.00021860938516422466
修订后,Ut2,49.7,9.841433010470001e-05
修订后,Ut2,49.800000000000004,0.0001088755395928532
修订后,Ut2,49.900000000000006,0.00016679574943198326
修订后,Ut2,50.0,8.610417011668617e-05
