id,device,phase,batch,selection,channel,start_s,end_s,mean_mV,std_mV,detrended_std_mV,span95_mV,peak_to_peak_mV,slope_mV_min,step_rms_mV,slow_rms_mV,signal_rms_mV,fast_rms_mV,edge_rms_mV,line33_rms_mV,fast_ppm,line33_fraction_pct,fast_excluding33_rms_mV,dominant_fast_Hz,top_peaks_Hz
0915_论文腕表_佩戴静息,论文腕表,佩戴静息,0915,full,Ut1,0.0,61.11,1645.1618245295367,1.298194285162685,0.7477596371437881,2.590265424726738,5.798340000000053,3.6090663373260443,0.1908447443574094,0.09782067938046611,0.1268482273815327,0.16918252206929835,0.045296431188447596,0.037621580654518406,102.83640159087639,4.944963460620315,0.16494648357204886,40.0,"40.0,20.0,19.5,33.3,18.0"
0915_论文腕表_佩戴静息,论文腕表,佩戴静息,0915,full,Ut2,0.0,61.11,1455.5036657257403,5.09003512962164,0.7075342898914355,2.4409514880978804,18.768310000000156,-17.142653285971747,0.1803781359236422,0.02782870294210732,0.12080386693724565,0.16049599997825328,0.05041516551015446,0.044260283174968294,110.26835847797545,7.605012817837677,0.15427246462765512,33.300000000000004,"33.3,19.5,39.0,41.4,29.3"
0915_论文腕表_佩戴静息,论文腕表,佩戴静息,0915,full,Uc1,0.0,61.11,852.5272752520458,0.7767244255687746,0.3821214721997768,1.2855465101065136,2.8762810000000627,2.2984685558075735,0.09545180664032507,0.05422349863312591,0.10745363664883498,,,,,,,,
0915_论文腕表_佩戴静息,论文腕表,佩戴静息,0915,full,Uc2,0.0,61.11,754.4795660720131,2.5744714843987238,0.35699955381763016,1.2219617706986696,9.201054,-8.665974897878936,0.08049704242277098,0.031605025281753976,0.09171005958123897,,,,,,,,
0915_论文腕表_佩戴静息,论文腕表,佩戴静息,0915,first60,Ut1,0.0,60.0,1645.1030225433335,1.2350898420147658,0.7288980768840695,2.5805042010681802,5.798340000000053,3.453674298288814,0.1911725056996423,0.09782067938046611,0.1268482273815327,0.16918252206929835,0.045296431188447596,0.037621580654518406,102.84007733919408,4.944963460620315,0.16494648357204886,40.0,"40.0,20.0,19.5,33.3,18.0"
0915_论文腕表_佩戴静息,论文腕表,佩戴静息,0915,first60,Ut2,0.0,60.0,1455.6362788299998,5.041686047726885,0.6854936551853471,2.360639434975967,18.692019999999957,-17.301285234110445,0.1798473820266881,0.02782870294210732,0.12080386693724565,0.16049599997825328,0.05041516551015446,0.044260283174968294,110.25831267908184,7.605012817837677,0.15427246462765512,33.300000000000004,"33.3,19.5,39.0,41.4,29.3"
0915_论文腕表_佩戴静息,论文腕表,佩戴静息,0915,first60,Uc1,0.0,60.0,852.4939348633333,0.7432293395606487,0.37379586230243333,1.292355536232324,2.8686519999998836,2.2234564211342844,0.09550338552711778,0.05422349863312591,0.10745363664883498,,,,,,,,
0915_论文腕表_佩戴静息,论文腕表,佩戴静息,0915,first60,Uc2,0.0,60.0,754.5463309133333,2.5498149977821307,0.3467996826374728,1.1667195889422848,9.170534000000089,-8.743456105111896,0.08054805414302267,0.031605025281753976,0.09171005958123897,,,,,,,,
0915_论文腕表_佩戴静息,论文腕表,佩戴静息,0915,first30,Ut1,0.0,30.0,1644.2609666266667,0.27695488523687345,0.24343187762276883,0.9955683532234163,2.288819999999987,-0.9149194423491674,0.19003023417827322,0.10194812217502844,0.12384908416360571,0.1703494467102142,0.045036991218653254,0.033385691225324365,103.60243913087578,3.840955628504034,0.16704589074827136,40.0,"40.0,20.0,19.5,18.0,9.8"
0915_论文腕表_佩戴静息,论文腕表,佩戴静息,0915,first30,Ut2,0.0,30.0,1459.9262746133331,3.1893351033106017,0.3322289409767705,1.2049237473893926,11.978150000000142,-21.97248783960185,0.17602987841182394,0.026884966282519546,0.12626675696590853,0.16039515922578987,0.05230283134036715,0.03852078809011676,109.86524594762233,5.767768400780737,0.15570085416587412,19.5,"19.5,39.0,33.3,26.7,41.4"
0915_论文腕表_佩戴静息,论文腕表,佩戴静息,0915,first30,Uc1,0.0,30.0,851.9490816666666,0.12173721395482155,0.12171159304449884,0.4890186344109054,0.8010829999999487,-0.017274246067986793,0.09370456481357223,0.05104995195212622,0.10814026247585061,,,,,,,,
0915_论文腕表_佩戴静息,论文腕表,佩戴静息,0915,first30,Uc2,0.0,30.0,756.7153931733334,1.6131638053777975,0.16320056198268842,0.6105401358133884,5.783086000000026,-11.100499490348609,0.07733569936405506,0.027457886115367394,0.08474996180255077,,,,,,,,
0915_论文腕表_佩戴静息,论文腕表,佩戴静息,0915,last60,Ut1,1.11,61.11,1645.171394605,1.3078748909365854,0.7317825577174457,2.5260457082858463,5.798340000000053,3.754733353025985,0.1904822739789905,0.09543609913500074,0.1274227034655545,0.16911489296490517,0.04547761986903437,0.038102249812889864,102.79469574992767,5.076186035750937,0.16476670046379963,40.0,"40.0,20.0,33.3,19.5,18.0"
0915_论文腕表_佩戴静息,论文腕表,佩戴静息,0915,last60,Ut2,1.11,61.11,1455.3144709616668,4.941221625118011,0.67423266786431,2.3281826436462656,17.929070000000138,-16.955384493435755,0.18083332162008006,0.02787380562679662,0.11975310736981432,0.16092477408430686,0.05086437900181834,0.04495440809272647,110.57732008805515,7.803667404062875,0.1545182322805882,33.300000000000004,"33.3,19.5,39.0,41.4,29.3"
0915_论文腕表_佩戴静息,论文腕表,佩戴静息,0915,last60,Uc1,1.11,61.11,852.5367738833332,0.782543542155329,0.3772445728522891,1.2775793293024433,2.89917000000014,2.373045628626707,0.10908290706622102,0.05324926382879993,0.11645103484965644,,,,,,,,
0915_论文腕表_佩戴静息,论文腕表,佩戴静息,0915,last60,Uc2,1.11,61.11,754.3830237416666,2.498576448636861,0.33884084408515586,1.169346673292651,8.850099999999998,-8.568225973377755,0.07769030510618398,0.029850584338375126,0.09017860922099236,,,,,,,,
0915_论文腕表_佩戴静息,论文腕表,佩戴静息,0915,seconds30to60,Ut1,30.0,60.0,1645.9450784599999,1.2474410937771352,0.32908750011038396,1.2752728945858223,5.5694599999999355,8.334971885629763,0.19233715186986652,0.10098400896892487,0.1281518787269549,0.17029124975969256,0.04506414388046658,0.040442662841801875,103.46107655002841,5.6402041032779575,0.16541916686703004,40.0,"40.0,20.0,33.3,37.5,38.0"
0915_论文腕表_佩戴静息,论文腕表,佩戴静息,0915,seconds30to60,Ut2,30.0,60.0,1451.3462830466665,1.9630111025424868,0.26019185942908096,0.9966341764800347,7.781979999999976,-13.477895327493055,0.1836122496826594,0.028965409703612267,0.11546145065585968,0.16269575648624066,0.05023558785376753,0.05042012938008434,112.09988848747363,9.604073174368208,0.1546858743774805,33.300000000000004,"33.3,19.5,29.3,41.4,9.8"
0915_论文腕表_佩戴静息,论文腕表,佩戴静息,0915,seconds30to60,Uc1,30.0,60.0,853.0387880599999,0.7043376178108087,0.1695340912725418,0.6323691116871542,2.63977199999988,4.728451831422436,0.09742512597519921,0.06057738139765739,0.10795810240295153,,,,,,,,
0915_论文腕表_佩戴静息,论文腕表,佩戴静息,0915,seconds30to60,Uc2,30.0,60.0,752.3772686533333,0.9906701274764608,0.13349221136136044,0.4845248486843216,3.5858180000000175,-6.789659591061794,0.08370862195787872,0.034991571787112256,0.09721683286514936,,,,,,,,
0915_论文腕表_稳定静置,论文腕表,稳定静置,0915,full,Ut1,0.0,64.75,1288.5306810208494,0.7292272045008455,0.7268102989721199,3.122582173069941,4.882810000000063,-0.19040777811537515,0.32353577800593986,0.328853295944734,0.13485198991645733,0.2784811526560762,0.06324331793354444,0.2163607492677354,216.12302815750348,60.362238613910876,0.17532763205199844,33.300000000000004,"33.3,20.0,40.0,26.7,6.7"
0915_论文腕表_稳定静置,论文腕表,稳定静置,0915,full,Ut2,0.0,64.75,1149.3906852772202,0.5726889803131896,0.5652917831883755,2.286295424781849,4.1198799999999665,-0.2944893703565029,0.3296809118804391,0.21168316909174956,0.13694240629912827,0.28203843796041167,0.06808900297362937,0.21559990107997323,245.38082792308964,58.436004395240374,0.181830589124753,33.300000000000004,"33.3,40.0,26.7,6.7,20.0"
0915_论文腕表_稳定静置,论文腕表,稳定静置,0915,full,Uc1,0.0,64.75,669.693959935085,0.3640674658388743,0.3634733329200864,1.6002638603234574,2.2125239999999167,0.06673792726506157,0.1249324901532051,0.17731789020695302,0.12212999138805224,,,,,,,,
0915_论文腕表_稳定静置,论文腕表,稳定静置,0915,full,Uc2,0.0,64.75,597.3155925146832,0.2502733478896404,0.24635180897145845,0.8916345552318035,1.419065000000046,-0.14165922205112277,0.10905189452829955,0.11078954875806223,0.11454184231940628,,,,,,,,
0915_论文腕表_稳定静置,论文腕表,稳定静置,0915,first60,Ut1,0.0,60.0,1288.4781772816666,0.7254018513856055,0.7055622425779957,3.0134531398195463,4.882810000000063,-0.5836269733575012,0.32956015214837103,0.328853295944734,0.13485198991645733,0.2784811526560762,0.06324331793354444,0.2163607492677354,216.1318348779446,60.362238613910876,0.17532763205199844,33.300000000000004,"33.3,20.0,40.0,26.7,6.7"
0915_论文腕表_稳定静置,论文腕表,稳定静置,0915,first60,Ut2,0.0,60.0,1149.4426091300002,0.5529880636624704,0.5528777020970782,2.3005133327938037,4.1198799999999665,-0.03826613221719608,0.330441612179485,0.21168316909174956,0.13694240629912827,0.28203843796041167,0.06808900297362937,0.21559990107997323,245.36974331748786,58.436004395240374,0.181830589124753,33.300000000000004,"33.3,40.0,26.7,6.7,20.0"
0915_论文腕表_稳定静置,论文腕表,稳定静置,0915,first60,Uc1,0.0,60.0,669.6599322866667,0.3529031397736335,0.35061051638020563,1.4604796621706748,2.2125239999999167,-0.13900538919304783,0.12694590693667662,0.17731789020695302,0.12212999138805224,,,,,,,,
0915_论文腕表_稳定静置,论文腕表,稳定静置,0915,first60,Uc2,0.0,60.0,597.3377358266666,0.2429240748954587,0.2426941085435908,0.9247415623241464,1.419065000000046,-0.03657704613651278,0.11032427401034157,0.11078954875806223,0.11454184231940628,,,,,,,,
0915_论文腕表_稳定静置,论文腕表,稳定静置,0915,first30,Ut1,0.0,30.0,1288.6811827133333,0.6211475484095045,0.6033908373894783,2.3141004900476734,3.509520000000066,-1.0214467090941843,0.40977834348964604,0.25930991056743224,0.1277930263289454,0.3479757453049415,0.06176450634533494,0.30381867614042124,270.0246965446291,76.23088937096244,0.16965061552735777,33.300000000000004,"33.3,20.0,26.7,29.3,6.7"
0915_论文腕表_稳定静置,论文腕表,稳定静置,0915,first30,Ut2,0.0,30.0,1149.4244637866666,0.4540484597122322,0.3595909760155855,1.470308964871322,3.356939999999895,1.9203590184362846,0.28651116062142595,0.18673853149687142,0.1267675058682973,0.2350758545170752,0.052165092740778136,0.1782587040799525,204.51613996681502,57.502330027525296,0.15324650663773393,33.300000000000004,"33.3,40.0,6.7,26.7,20.0"
0915_论文腕表_稳定静置,论文腕表,稳定静置,0915,first30,Uc1,0.0,30.0,669.7262064600001,0.2957523768569724,0.2932235046997015,1.1039947725699362,1.571649999999977,-0.26693787024250004,0.16140187141003604,0.1409249057336734,0.14960299879974653,,,,,,,,
0915_论文腕表_稳定静置,论文腕表,稳定静置,0915,first30,Uc2,0.0,30.0,597.3454289266667,0.23110390577627316,0.18051409690170764,0.717143083815796,1.213072000000011,0.9981060730012155,0.14310662326467902,0.09485172107015044,0.14125114203577657,,,,,,,,
0915_论文腕表_稳定静置,论文腕表,稳定静置,0915,last60,Ut1,4.75,64.75,1288.5160318216665,0.7426761861707879,0.7414123452763476,3.211666886622936,4.882810000000063,-0.15001356820702114,0.312246871236836,0.3182688841948631,0.13715093601340403,0.26457596941762146,0.06276928012272477,0.1958591454241941,205.33385917098107,54.800802505173586,0.17787534609095929,33.300000000000004,"33.3,40.0,20.0,26.7,6.7"
0915_论文腕表_稳定静置,论文腕表,稳定静置,0915,last60,Ut2,4.75,64.75,1149.40706886,0.5807250061702448,0.5645293083559194,2.4014373226982797,4.1198799999999665,-0.47174275127468435,0.3325038198780165,0.20139585737870944,0.14083373027958013,0.28482101465315546,0.0683197042957688,0.21880098499779102,247.79821037262755,59.01392318529387,0.18234346533958773,33.300000000000004,"33.3,40.0,26.7,6.7,20.0"
0915_论文腕表_稳定静置,论文腕表,稳定静置,0915,last60,Uc1,4.75,64.75,669.6949893416667,0.36955316079948874,0.36881286108107,1.6230229743189284,2.136231000000066,0.08092238160119614,0.1042393385961354,0.17092959913455158,0.10878022821453948,,,,,,,,
0915_论文腕表_稳定静置,论文腕表,稳定静置,0915,last60,Uc2,4.75,64.75,597.3223371266666,0.2572048563700859,0.24918944242344518,0.9271305430848258,1.4800999999998794,-0.22051411513937877,0.12141429426457775,0.10684902006002214,0.1208175717966214,,,,,,,,
0915_论文腕表_稳定静置,论文腕表,稳定静置,0915,seconds30to60,Ut1,30.0,60.0,1288.2751718499999,0.7644062940114117,0.7436840250074052,2.9090946093760124,4.577640000000201,1.224561434498626,0.22180614636660764,0.40627904389488,0.14623867257856665,0.19393622816161535,0.06559659284679961,0.06822004740649666,150.5394440561308,12.373886954861218,0.18154141600585105,40.0,"40.0,33.3,6.7,26.7,20.0"
0915_论文腕表_稳定静置,论文腕表,稳定静置,0915,seconds30to60,Ut2,30.0,60.0,1149.4607544733335,0.6362977547625748,0.5071470782238441,2.1676630800267565,4.04358000000002,-2.6619763900711804,0.3692303919168307,0.25017612230304165,0.15167734332912114,0.3135616057895253,0.08010065655535023,0.24138843658535403,272.79017971622244,59.2634819242297,0.20013121522687105,33.300000000000004,"33.3,40.0,20.0,26.7,6.7"
0915_论文腕表_稳定静置,论文腕表,稳定静置,0915,seconds30to60,Uc1,30.0,60.0,669.5936581133333,0.3914261050729165,0.37629479594496557,1.4713273742293012,1.7547659999997904,0.745483322882901,0.07893260162324928,0.21726024631844534,0.09281891737143332,,,,,,,,
0915_论文腕表_稳定静置,论文腕表,稳定静置,0915,seconds30to60,Uc2,30.0,60.0,597.3300427266666,0.2543497562663268,0.19778948248441736,0.769922891048259,1.3275129999999535,-1.1060884290704325,0.062432871844908824,0.13228232328013614,0.08817623790230393,,,,,,,,
0915_论文腕表_开机长记录,论文腕表,开机长记录,0915,full,Ut1,0.0,605.85,1301.444554621111,23.095049216565105,11.688276363436795,45.78385575099965,102.99683000000005,-6.833451630247314,0.4279002460406318,0.12947442503601347,0.1089726155463246,0.36341512853829905,0.06829772209339344,0.3009741959570004,279.2398087555101,68.58869199556834,0.20367888702206113,33.300000000000004,"33.3,26.7,6.7,20.0,40.0"
0915_论文腕表_开机长记录,论文腕表,开机长记录,0915,full,Ut2,0.0,605.85,1181.9511112108607,38.373027769119695,16.292033386971166,61.67436905090454,159.2254700000001,-11.91893386000606,0.36670022909804334,0.1814749222901654,0.10796532190879772,0.3140921661074594,0.07391752542264692,0.23909537077850646,265.7404042589247,57.9466222946022,0.2036842961113212,33.300000000000004,"33.3,26.7,6.7,40.0,13.3"
0915_论文腕表_开机长记录,论文腕表,开机长记录,0915,full,Uc1,0.0,605.85,674.5014084499835,10.42922885479337,5.7188636246095585,22.43847080104748,47.4548299999999,-2.992021210380208,0.23738373382221264,0.07242506867492418,0.20553076293457384,,,,,,,,
0915_论文腕表_开机长记录,论文腕表,开机长记录,0915,full,Uc2,0.0,605.85,612.1398357114559,18.56148484485524,8.144078223899855,30.892048511386708,77.4002099999999,-5.722126312752529,0.14060801266344242,0.1002138492975272,0.1294428103383787,,,,,,,,
0915_论文腕表_开机长记录,论文腕表,开机长记录,0915,first60,Ut1,0.0,60.0,1357.4506632416667,12.761306258293313,1.3471964923548594,4.544168856662962,45.08971999999994,-43.95577288615205,0.5526915965323498,0.0536038543251299,0.09759415996881458,0.46807689462788565,0.08202172107394515,0.39768145337960703,344.8205576106113,72.18322256693094,0.24687130437207197,33.300000000000004,"33.3,26.7,6.7,20.0,40.0"
0915_论文腕表_开机长记录,论文腕表,开机长记录,0915,first60,Ut2,0.0,60.0,1269.5381291816668,17.007436104776207,1.4542421913843284,4.698571561374694,59.50927999999999,-58.69482574856236,0.26721091289242577,0.05358251212332278,0.08527215917870766,0.24396995026453694,0.06640149439848528,0.14647871382128935,192.17221181202163,36.04760043505959,0.19510336498723296,33.300000000000004,"33.3,26.7,6.7,13.3,20.0"
0915_论文腕表_开机长记录,论文腕表,开机长记录,0915,first60,Uc1,0.0,60.0,700.3617605166667,6.322017926418073,0.7169893745513602,2.4474818054232736,22.201540000000023,-21.740705577015575,0.32723352477100903,0.04247788901005997,0.2725968638914375,,,,,,,,
0915_论文腕表_开机长记录,论文腕表,开机长记录,0915,first60,Uc2,0.0,60.0,654.8678080416666,8.547761044902987,0.7684656597561121,2.53278808170439,29.716494999999895,-29.465863148869992,0.20467826530649655,0.052286445884387044,0.17758291171459897,,,,,,,,
0915_论文腕表_开机长记录,论文腕表,开机长记录,0915,first30,Ut1,0.0,30.0,1368.4506989000001,7.580065457153371,0.5159775790294432,1.9442042908357564,27.160640000000058,-52.385693667780075,0.5512287406356812,0.047817945658349695,0.10090911657625112,0.4636048358481485,0.08374525581156224,0.3928333372812533,338.7808097294315,71.79939059791246,0.24619385236488298,33.300000000000004,"33.3,26.7,6.7,20.0,40.0"
0915_论文腕表_开机长记录,论文腕表,开机长记录,0915,first30,Ut2,0.0,30.0,1284.2299652733334,9.852396322387442,0.33853655944973254,1.2836747235403383,34.94263000000001,-68.20772930690202,0.26825348753879386,0.040209560973121054,0.08471136980021808,0.24111012064837872,0.0641479708622188,0.14204887395478213,187.74684220754907,34.709208478117745,0.19482352960372668,33.300000000000004,"33.3,6.7,26.7,13.3,20.0"
0915_论文腕表_开机长记录,论文腕表,开机长记录,0915,first30,Uc1,0.0,30.0,705.8046978000001,3.7927522195848367,0.2915055998640163,0.9432528467827579,13.351440000000025,-26.155674503938396,0.3292483424227487,0.03770105630571783,0.2732004173768559,,,,,,,,
0915_论文腕表_开机长记录,论文腕表,开机长记录,0915,first30,Uc2,0.0,30.0,662.2369131833333,4.994650156248519,0.2162105439128254,0.7586552027847658,17.204284999999913,-34.51403864065005,0.2038579306240031,0.049805566942534775,0.17360725920136202,,,,,,,,
0915_论文腕表_开机长记录,论文腕表,开机长记录,0915,last60,Ut1,545.85,605.85,1281.78488411,0.7369756227420933,0.6891565331197855,2.6989929426609534,4.882820000000038,-0.9045549881241131,0.3625903485244149,0.17064031326932722,0.10487123476471226,0.30343182099733423,0.061973802432933586,0.24331257930287134,236.72600976880798,64.29939377245967,0.18130046537927647,33.300000000000004,"33.3,20.0,40.0,26.7,6.7"
0915_论文腕表_开机长记录,论文腕表,开机长记录,0915,last60,Ut2,545.85,605.85,1145.7860691216665,0.9480076392395342,0.9463182501201614,3.6459154014495594,5.493169999999964,-0.19595061396254262,0.3996174546754086,0.28698603794849753,0.11044348591408241,0.3424994686759233,0.0788455330587895,0.2663209690461,298.9209573288629,60.46317107010246,0.21535790556567924,33.300000000000004,"33.3,40.0,26.7,6.7,20.0"
0915_论文腕表_开机长记录,论文腕表,开机长记录,0915,last60,Uc1,545.85,605.85,666.2837341416666,0.34472402145521513,0.33354474217860086,1.2288823456280709,1.716615000000047,-0.30139554145997033,0.10055961033152659,0.0903679273653981,0.10177337479308703,,,,,,,,
0915_论文腕表_开机长记录,论文腕表,开机长记录,0915,last60,Uc2,545.85,605.85,594.9930829,0.5119336178683344,0.5087604912944267,1.8906199088078521,2.6702900000000227,-0.19697926583196101,0.20269564921478372,0.1521824901843024,0.17439566353715308,,,,,,,,
0915_论文腕表_开机长记录,论文腕表,开机长记录,0915,seconds30to60,Ut1,30.0,60.0,1346.4506275833332,5.120207143336597,0.5540916402855526,2.078756615284317,19.378659999999854,-35.25963359185782,0.5542416109118119,0.06010066335050636,0.0947318380660131,0.4737571480806779,0.08023771725029098,0.40376924793788704,351.85630900629263,72.63650284293502,0.24782298072860495,33.300000000000004,"33.3,26.7,6.7,20.0,40.0"
0915_论文腕表_开机长记录,论文腕表,开机长记录,0915,seconds30to60,Ut2,30.0,60.0,1254.84629309,7.049004092561061,0.40830968121867744,1.4731036216247904,27.008059999999887,-48.746810433233016,0.2662016847098857,0.06502450645288241,0.08479054404060557,0.24132633965681066,0.06402951346402465,0.15028977926333345,192.31545806503192,38.78371811908601,0.18881574209035867,33.300000000000004,"33.3,6.7,26.7,13.3,20.0"
0915_论文腕表_开机长记录,论文腕表,开机长记录,0915,seconds30to60,Uc1,30.0,60.0,694.9188232333333,2.497043652656494,0.3078875599719762,1.0505688463546472,9.384159999999952,-17.139473242589702,0.32569661581885684,0.04614557875848658,0.271532657280131,,,,,,,,
0915_论文腕表_开机长记录,论文腕表,开机长记录,0915,seconds30to60,Uc2,30.0,60.0,647.4987029,3.529251027350511,0.23971796599560785,0.8311458295888343,12.588504999999941,-24.354342446472288,0.205830042830196,0.05724204090304719,0.1864635744064981,,,,,,,,
0915_项目腕表_佩戴静息,项目腕表,佩戴静息,0915,full,Ut1,0.0,97.2,1988.8628891893004,19.431955756055324,6.798944807417177,26.565597159338672,53.48206000000005,38.92362736595866,0.6820012219426661,1.6156204700069756,0.3096128020739852,0.5888263336218857,0.1212570245296923,0.3860862402929639,296.0618033663964,42.99264844284352,0.444582800188037,33.300000000000004,"33.3,26.7,6.7,13.3,20.0"
0915_项目腕表_佩戴静息,项目腕表,佩戴静息,0915,full,Ut2,0.0,97.2,1590.149852016461,6.9817518507944705,0.9715948542501214,3.706128624707678,28.83911000000012,14.783291317598128,0.5832169629891795,0.2263668347067409,0.20642176031141743,0.4938693022624241,0.10202479175254178,0.36271333066027717,310.58035293727255,53.93900986971115,0.3351804401788715,33.300000000000004,"33.3,26.7,13.3,40.0,20.0"
0915_项目腕表_佩戴静息,项目腕表,佩戴静息,0915,full,Uc1,0.0,97.2,1038.969801170782,10.327552421416737,3.539510198252685,13.7744115703792,26.947026000000278,20.735610512600104,0.22563608349177564,0.8551880974974031,0.2518384497644561,,,,,,,,
0915_项目腕表_佩戴静息,项目腕表,佩戴静息,0915,full,Uc2,0.0,97.2,825.7117957592594,3.7140873949395745,0.5329813497529028,2.055298640888558,13.87024099999985,7.855720797176586,0.27844143539337823,0.15710920468883713,0.26747627584536326,,,,,,,,
0915_项目腕表_佩戴静息,项目腕表,佩戴静息,0915,first60,Ut1,0.0,60.0,1975.2116266016665,10.477615119171753,7.041525823610268,21.7949360952876,33.493040000000065,26.87466497145853,0.557689558532066,2.013174912386199,0.3284495705136981,0.5158401164136132,0.12112208053126473,0.25451962928320176,261.156885402255,24.34514336575257,0.4486767032186444,33.300000000000004,"33.3,26.7,6.7,13.3,20.0"
0915_项目腕表_佩戴静息,项目腕表,佩戴静息,0915,first60,Ut2,0.0,60.0,1585.794347165,5.051297700436618,0.8325846756444281,3.159715665716919,21.13343000000009,17.257441816391847,0.6701267476739835,0.22152834212549372,0.21861101349025178,0.5612618881792824,0.09716571273426408,0.45152607621789437,353.9310687938048,64.71941260398799,0.3333753284480504,33.300000000000004,"33.3,40.0,26.7,20.0,13.3"
0915_项目腕表_佩戴静息,项目腕表,佩戴静息,0915,first60,Uc1,0.0,60.0,1031.7162827766667,5.564485220698412,3.6748916164507794,11.339802402504562,17.83752800000002,14.462206477028701,0.18625211063962144,1.0646826963170741,0.23022773375624822,,,,,,,,
0915_项目腕表_佩戴静息,项目腕表,佩戴静息,0915,first60,Uc2,0.0,60.0,823.4035237566667,2.698678486596372,0.42097072912931927,1.5390275017749837,9.513851999999929,9.22637058150562,0.23061775017848707,0.15761102152945325,0.24697207481085093,,,,,,,,
0915_项目腕表_佩戴静息,项目腕表,佩戴静息,0915,first30,Ut1,0.0,30.0,1969.3537646766665,0.7851249485679592,0.7169700183707219,2.8896827285528963,6.866449999999986,-2.216386940230163,0.534128593779589,0.2745544672015051,0.2749463614042574,0.5064122889697871,0.12907864736843586,0.20592663840116418,257.1464294800945,16.535471684793233,0.46265281369123357,33.300000000000004,"33.3,26.7,6.7,13.3,20.0"
0915_项目腕表_佩戴静息,项目腕表,佩戴静息,0915,first30,Ut2,0.0,30.0,1581.4663950666668,3.066650149670479,0.7463015928552665,2.9454514484417134,14.495850000000019,20.60418861881427,0.7757208560614953,0.22277113193174433,0.22462469297804027,0.645919463800133,0.12053015598113342,0.5291034838805168,408.4307234191367,67.10030577052088,0.37048813349600146,33.300000000000004,"33.3,40.0,20.0,26.7,46.7"
0915_项目腕表_佩戴静息,项目腕表,佩戴静息,0915,first30,Uc1,0.0,30.0,1028.5570265800002,0.32909264527226123,0.3163325177553075,1.2326710913261472,1.8463140000003477,-0.6276946861163796,0.1382306753275352,0.17063140400649418,0.225742640829844,,,,,,,,
0915_项目腕表_佩戴静息,项目腕表,佩戴静息,0915,first30,Uc2,0.0,30.0,821.0890961133333,1.6473763750085022,0.2987857576774917,1.1256218279515018,5.8517519999999195,11.205405417839653,0.22466526383370414,0.16494109801630172,0.26034379864924595,,,,,,,,
0915_项目腕表_佩戴静息,项目腕表,佩戴静息,0915,last60,Ut1,37.2,97.2,2000.8975981850003,15.25983178836654,6.007305600099765,19.23025045851002,52.18506000000002,48.589129069415925,0.7607329464665094,1.616056008791816,0.3495290223876081,0.6499312150087782,0.11304305770347564,0.47955082425480033,324.8198286600604,54.4420527377885,0.43868165131371545,33.300000000000004,"33.3,26.7,6.7,20.0,40.0"
0915_项目腕表_佩戴静息,项目腕表,佩戴静息,0915,last60,Ut2,37.2,97.2,1594.8054504683334,3.7391324217981183,0.5497476232935301,2.2500809097086876,15.48766999999998,12.810906002398966,0.4516673157031605,0.24368469466811007,0.20254690027106237,0.39338975869691084,0.09855641690860964,0.21816510235200431,246.6694345579188,30.75561850337662,0.32735224203196356,33.300000000000004,"33.3,26.7,6.7,13.3,46.7"
0915_项目腕表_佩戴静息,项目腕表,佩戴静息,0915,last60,Uc1,37.2,97.2,1045.3801475366668,8.078865387639102,3.126556934634538,9.9047241035472,26.107788000000482,25.783802759840704,0.26587438119815276,0.8514146524592738,0.2832448878010764,,,,,,,,
0915_项目腕表_佩戴静息,项目腕表,佩戴静息,0915,last60,Uc2,37.2,97.2,828.187039575,1.979938253439797,0.3431044870970435,1.3431989819474635,7.919307000000003,6.749318144922798,0.3079994439279888,0.15867377099145583,0.28166409174205687,,,,,,,,
0915_项目腕表_佩戴静息,项目腕表,佩戴静息,0915,seconds30to60,Ut1,30.0,60.0,1981.0694885266666,12.260874561136909,5.288436498198993,18.952835108866328,32.806389999999965,76.62502280738386,0.5803832089319573,2.9703230114619648,0.3817684392635224,0.5280329764488422,0.11141474646680219,0.2969969916990141,266.53935134882295,31.636032224811366,0.436590896766251,33.300000000000004,"33.3,26.7,6.7,13.3,20.0"
0915_项目腕表_佩戴静息,项目腕表,佩戴静息,0915,seconds30to60,Ut2,30.0,60.0,1590.1222992633334,2.039742992188355,0.5609968711876832,2.2508360174464883,9.994509999999991,13.584495516068477,0.54433277965503,0.22739387919574805,0.2255954126690108,0.4639462322550953,0.07066907772248966,0.35691787248991746,291.76764106133896,59.18358748472264,0.2964046874139642,33.300000000000004,"33.3,26.7,40.0,40.5,19.4"
0915_项目腕表_佩戴静息,项目腕表,佩戴静息,0915,seconds30to60,Uc1,30.0,60.0,1034.8755389733333,6.4725331294825965,2.757223851450792,9.831362811560325,17.410280000000057,40.503319462484086,0.224277492776726,1.5674735852670447,0.2375182355894345,,,,,,,,
0915_项目腕表_佩戴静息,项目腕表,佩戴静息,0915,seconds30to60,Uc2,30.0,60.0,825.7179514000001,1.0617245732156786,0.29257106067722044,1.2438204454523707,4.577635999999984,7.059293704864085,0.2365297932492365,0.15290645009252254,0.23282596916016926,,,,,,,,
0915_项目腕表_稳定静置,项目腕表,稳定静置,0915,full,Ut1,0.0,104.11,1482.6997064412642,1.0469133969496582,1.046596930380733,4.082397655566012,8.392330000000129,0.05138425254786866,0.7900064276251791,0.29076283451555357,0.2515804408618384,0.6654130379149614,0.12524350898307038,0.5256536367093635,448.78476405183073,62.40461880805832,0.40799848681268214,33.300000000000004,"33.3,26.7,6.7,40.0,20.0"
0915_项目腕表_稳定静置,项目腕表,稳定静置,0915,full,Ut2,0.0,104.11,1295.8940215656517,1.3021240802562146,0.9078644079951,3.5765327443807564,8.010859999999866,-1.8634371714833888,0.30306001441031316,0.5503628047627549,0.25816718466268085,0.269053579553894,0.06467155243439061,0.13118702266889737,207.62004845800067,23.774106435591687,0.23490379680633894,33.300000000000004,"33.3,26.7,6.7,13.3,46.7"
0915_项目腕表_稳定静置,项目腕表,稳定静置,0915,full,Uc1,0.0,104.11,775.5169898290105,0.5171810477661832,0.49234356648610006,1.9578016546537356,3.005986000000121,0.31600567483821185,0.24719558261553218,0.18845414304291913,0.24603070914763997,,,,,,,,
0915_项目腕表_稳定静置,项目腕表,稳定静置,0915,full,Uc2,0.0,104.11,674.4379558837658,0.6171146549243124,0.5078925719244473,1.9793016479371772,3.334047999999939,-0.6995448001087071,0.25236131679970336,0.2928568204216798,0.25581699916713924,,,,,,,,
0915_项目腕表_稳定静置,项目腕表,稳定静置,0915,first60,Ut1,0.0,60.0,1482.7940243816668,0.8839863315956857,0.8835926188845176,3.4152559012676513,7.247929999999997,-0.09137629892425479,0.685785343557984,0.32160451330218304,0.2455927955623692,0.5965934969961115,0.116532120570898,0.45111421222365694,402.34414705366396,57.17629225523058,0.3904097439714828,33.300000000000004,"33.3,26.7,6.7,40.0,20.0"
0915_项目腕表_稳定静置,项目腕表,稳定静置,0915,first60,Ut2,0.0,60.0,1296.5584182583332,0.87620989842248,0.835857566451701,3.120109235979913,6.256099999999833,-0.9104355153351923,0.3146905829637262,0.5594817047301575,0.25699708978123964,0.27710584191002563,0.06511724702522703,0.14511160888394148,213.72414694762605,27.422872929915503,0.23607259177587328,33.300000000000004,"33.3,6.7,26.7,13.3,20.0"
0915_项目腕表_稳定静置,项目腕表,稳定静置,0915,first60,Uc1,0.0,60.0,775.4669697100001,0.43812885678856867,0.42957719617397155,1.683930106283209,2.8228799999998273,0.29815394097190906,0.21469180111459274,0.22082715064869252,0.231513090688239,,,,,,,,
0915_项目腕表_稳定静置,项目腕表,稳定静置,0915,first60,Uc2,0.0,60.0,674.6918357283333,0.4524407453536214,0.4512533749748802,1.6554663713294613,2.3956300000000965,-0.11337905835853351,0.21154880984352767,0.2990975358906967,0.22491543993692087,,,,,,,,
0915_项目腕表_稳定静置,项目腕表,稳定静置,0915,first30,Ut1,0.0,30.0,1482.6803082533334,0.7417099577978695,0.7393648259965747,2.7890525337721046,5.798340000000053,-0.408244526109719,0.5209692216387641,0.24360770234475432,0.1979598050396099,0.4535255049948276,0.10295321088893562,0.29902482525510615,305.8821935317275,43.472143969940056,0.3409831924918978,33.300000000000004,"33.3,26.7,6.7,13.3,20.0"
0915_项目腕表_稳定静置,项目腕表,稳定静置,0915,first30,Ut2,0.0,30.0,1296.9468943433333,0.7015253355754063,0.6969024426283043,2.703595629496804,4.577629999999999,0.5569615155206653,0.3481860174992333,0.4235738249159443,0.24678994677848617,0.3032902249547076,0.059390559802928164,0.19301905983397374,233.84937831881598,40.502661777729934,0.2339414522778851,33.300000000000004,"33.3,26.7,6.7,13.3,20.0"
0915_项目腕表_稳定静置,项目腕表,稳定静置,0915,first30,Uc1,0.0,30.0,775.3118388066667,0.33755922735323324,0.3366321467853775,1.1493103886625107,1.7547640000000229,0.17292123681389404,0.1344206220075404,0.1543701329244459,0.15585953672174857,,,,,,,,
0915_项目腕表_稳定静置,项目腕表,稳定静置,0915,first30,Uc2,0.0,30.0,674.8126216633333,0.38422542689597494,0.36047384591214265,1.3848607705915639,2.098088999999959,0.9198875152394346,0.1696268171899569,0.22550732176590485,0.1864846313708108,,,,,,,,
0915_项目腕表_稳定静置,项目腕表,稳定静置,0915,last60,Ut1,44.11,104.11,1482.5495402883334,1.1526833595582562,1.0843862284496006,4.187591714736101,8.392330000000129,1.3539275089411713,0.9042843709072627,0.3045396429651788,0.2458174788079353,0.7626077615293865,0.13576986266575297,0.6249458467978578,514.3893952987708,67.15561495199937,0.4370506681323917,33.300000000000004,"33.3,26.7,6.7,40.0,20.0"
0915_项目腕表_稳定静置,项目腕表,稳定静置,0915,last60,Ut2,44.11,104.11,1295.40185297,1.323022153059068,0.7430084794887832,2.9986334993065498,7.781979999999976,-3.7917695011775683,0.2840765407882232,0.5828619581810318,0.27606121926360155,0.2617099831609507,0.06257340335443216,0.11368241941114358,202.02995893584813,18.868876262890026,0.23572955436884432,33.300000000000004,"33.3,6.7,26.7,13.3,46.7"
0915_项目腕表_稳定静置,项目腕表,稳定静置,0915,last60,Uc1,44.11,104.11,775.5367274916666,0.553106159191253,0.4701492482235937,1.820333324139423,2.9373199999999997,1.0084336346203253,0.2642072902078099,0.18183446436189385,0.25433740639221264,,,,,,,,
0915_项目腕表_稳定静置,项目腕表,稳定静置,0915,last60,Uc2,44.11,104.11,674.2791490666667,0.6847983347465074,0.4618328143381907,1.8372972525932028,3.4332299999998668,-1.7500873846873182,0.33507552111401906,0.30548750233535793,0.3125417242783482,,,,,,,,
0915_项目腕表_稳定静置,项目腕表,稳定静置,0915,seconds30to60,Ut1,30.0,60.0,1482.90774051,0.9935387421063512,0.89050780608886,3.5774977429583776,7.247929999999997,-3.051953309436371,0.8179245894105343,0.35953283769161215,0.2816093207223786,0.7177581100649687,0.1320976038563901,0.5695512706051058,484.0207454970315,62.96648256298813,0.43679291971842366,33.300000000000004,"33.3,26.7,6.7,40.0,20.0"
0915_项目腕表_稳定静置,项目腕表,稳定静置,0915,seconds30to60,Ut2,30.0,60.0,1296.1699421733333,0.8612071735463749,0.8341733554721239,3.1358701754828244,5.2642799999998715,1.482980830773853,0.2772203282068356,0.6524567882276859,0.2617327338591985,0.2528151138269396,0.06878499859667205,0.09035956920268609,195.04781402586428,12.774450757775083,0.2361157132272933,33.300000000000004,"33.3,6.7,26.7,13.3,46.7"
0915_项目腕表_稳定静置,项目腕表,稳定静置,0915,seconds30to60,Uc1,30.0,60.0,775.6221006133334,0.4715054468435375,0.4178553676998432,1.6820473733029495,2.761843999999769,-1.5108528805869064,0.272079115510474,0.26198191403792764,0.2809200910107637,,,,,,,,
0915_项目腕表_稳定静置,项目腕表,稳定静置,0915,seconds30to60,Uc2,30.0,60.0,674.5710497933334,0.48289194497496335,0.45734556600367976,1.627348845950399,2.3727360000001454,1.071967109146546,0.24641142899101337,0.3382623981527331,0.2604478661048523,,,,,,,,
0915_项目腕表_开机长记录,项目腕表,开机长记录,0915,full,Ut1,0.0,601.91,1482.648119874566,2.7584362502324007,2.354709107333984,9.160473248402639,21.820060000000012,-0.49612915706234595,0.6557453648463158,0.25243450881965407,0.1552667172957833,0.5694899480329183,0.11668816532241054,0.4228978882891803,384.1032409504542,55.14408150786858,0.3814133938276001,33.300000000000004,"33.3,26.7,6.7,40.0,20.0"
0915_项目腕表_开机长记录,项目腕表,开机长记录,0915,full,Ut2,0.0,601.91,1315.66632076224,13.63357363379888,4.507308926959749,17.61017959803621,62.86620999999991,-4.443062717523959,0.387463462110443,0.3231907253931187,0.13300570962666508,0.3360704890733672,0.07121244399779479,0.22895375764242593,255.43747967848145,46.41248216310922,0.24601534604049702,33.300000000000004,"33.3,20.0,26.7,40.0,6.7"
0915_项目腕表_开机长记录,项目腕表,开机长记录,0915,full,Uc1,0.0,601.91,772.7942479039708,1.4031811772143237,0.9658535234468092,3.704998457812092,7.76671999999985,0.35145573727952806,0.18824200012634626,0.1527586047119368,0.18360405677868147,,,,,,,,
0915_项目腕表_开机长记录,项目腕表,开机长记录,0915,full,Uc2,0.0,601.91,682.5131684783187,5.564023548627466,2.027068797716771,8.007847982733702,26.96991300000002,-1.789156560978301,0.19287993454395871,0.17703213861202038,0.1789965354548011,,,,,,,,
0915_项目腕表_开机长记录,项目腕表,开机长记录,0915,first60,Ut1,0.0,60.0,1489.488550816667,3.6549080675302537,1.2034139469801115,4.880302724634083,17.013550000000123,-11.953993388213771,0.462804481102221,0.13567078043422484,0.21336282427673356,0.41812559061847054,0.10461769811764005,0.23227358464901066,280.7175593187459,30.85930548409902,0.3476751233613698,33.300000000000004,"33.3,26.7,6.7,13.3,20.0"
0915_项目腕表_开机长记录,项目腕表,开机长记录,0915,first60,Ut2,0.0,60.0,1345.0095494433333,5.714368348136344,1.0379319579857558,4.044028582725417,23.26965999999993,-19.46425676832794,0.4186771408635929,0.16066420881668922,0.2035346057768324,0.35458184465947973,0.06571285592430828,0.2645721779965078,263.62775253620504,55.67437558987072,0.2360716992616938,33.300000000000004,"33.3,26.7,20.0,40.0,13.3"
0915_项目腕表_开机长记录,项目腕表,开机长记录,0915,first60,Uc1,0.0,60.0,772.96412164,1.6462022231890907,0.6352823743976231,2.5948869994583807,7.308955999999853,-5.256493656771094,0.13619307978134979,0.08993854175346336,0.17660370817850515,,,,,,,,
0915_项目腕表_开机长记录,项目腕表,开机长记录,0915,first60,Uc2,0.0,60.0,694.7615940133333,2.739797331974184,0.5523216247250338,2.107410560668132,10.803222000000005,-9.28834613702832,0.13872051546593736,0.092882946869621,0.16453719827971525,,,,,,,,
0915_项目腕表_开机长记录,项目腕表,开机长记录,0915,first30,Ut1,0.0,30.0,1492.3492685800002,3.0022559018231965,0.9423883647008695,3.525361715925385,13.351440000000139,-19.745667382289145,0.49773459582580454,0.137703728359408,0.2231600709393118,0.43900668596865783,0.08639446464742788,0.28873712742947727,294.1715422867338,43.257657126668086,0.33069282055853216,33.300000000000004,"33.3,26.7,6.7,13.3,20.0"
0915_项目腕表_开机长记录,项目腕表,开机长记录,0915,first30,Ut2,0.0,30.0,1349.79304002,3.843335301163975,0.6779548810016817,2.557276597232124,15.640259999999898,-26.20549664937667,0.30961453510391934,0.13191231905048692,0.21028757648150304,0.26796242072726334,0.05112645870901434,0.1711607420930915,198.52111603960626,40.80003508679909,0.20617434197338208,33.300000000000004,"33.3,26.7,13.3,39.0,41.0"
0915_项目腕表_开机长记录,项目腕表,开机长记录,0915,first30,Uc1,0.0,30.0,774.20608512,1.467074460702897,0.4683125482046779,1.7591234369918876,5.920405999999957,-9.616408312447005,0.16286577364971444,0.08419554276826252,0.19465017153073508,,,,,,,,
0915_项目腕表_开机长记录,项目腕表,开机长记录,0915,first30,Uc2,0.0,30.0,697.0357768133333,1.9203847298618144,0.37743287724199825,1.4556147909121435,7.3700019999999995,-13.023627372035465,0.17278093948902665,0.07663709071521577,0.18861198801608867,,,,,,,,
0915_项目腕表_开机长记录,项目腕表,开机长记录,0915,last60,Ut1,541.91,601.91,1482.2566479216664,0.9511624875999576,0.9157802449050585,3.550166489194172,6.4849799999999505,0.8902512898494493,0.8178598085052098,0.34131084127539857,0.25753292935363403,0.6992792289762539,0.11166446700453625,0.5929399718865591,471.7666336371251,71.89856129281584,0.3706934445290214,33.300000000000004,"33.3,26.7,6.7,40.0,20.0"
0915_项目腕表_开机长记录,项目腕表,开机长记录,0915,last60,Ut2,541.91,601.91,1298.9603550833333,1.169157746154087,0.7620057012129229,2.8392104953834667,6.256099999999833,-3.071441594477364,0.4260194681873185,0.4901792887095813,0.19230914876156846,0.3689960696516946,0.07221715662395968,0.26385430971680296,284.0703091573739,51.131072667369615,0.25795155099798817,33.300000000000004,"33.3,40.0,6.7,26.7,20.0"
0915_项目腕表_开机长记录,项目腕表,开机长记录,0915,last60,Uc1,541.91,601.91,774.8453770750001,0.41968673758939196,0.37871484173258035,1.495497360801186,2.59399499999995,0.6260121120059928,0.22757797277102262,0.20801554752430781,0.23974704379185025,,,,,,,,
0915_项目腕表_开机长记录,项目腕表,开机长记录,0915,last60,Uc2,541.91,601.91,675.67710885,0.6432184002487255,0.41869294295740644,1.6358405157077862,2.89917000000014,-1.6900748418186562,0.2780943506250845,0.2666736378594227,0.2556508801245601,,,,,,,,
0915_项目腕表_开机长记录,项目腕表,开机长记录,0915,seconds30to60,Ut1,30.0,60.0,1486.6278330533335,1.1553137526475512,0.49563418640906065,2.238942095183313,6.027230000000145,-7.229053744162733,0.42493284722559393,0.13821988664638857,0.21069571634598783,0.39649471344969767,0.11994206335623235,0.16002989420506586,266.7074466346771,16.290238171452053,0.36276506275311754,33.300000000000004,"33.3,26.7,6.7,13.3,20.0"
0915_项目腕表_开机长记录,项目腕表,开机长记录,0915,seconds30to60,Ut2,30.0,60.0,1340.2260588666666,2.18376956089975,0.5123888089461387,2.1918308618390996,9.384159999999838,-14.704783877442539,0.5046942394063904,0.1806287894389664,0.19363419820550862,0.4284511939203499,0.08125916284726274,0.3358963466250082,319.6857657600394,61.46216381239159,0.26597757404665834,33.300000000000004,"33.3,20.0,26.7,40.0,13.3"
0915_项目腕表_开机长记录,项目腕表,开机长记录,0915,seconds30to60,Uc1,30.0,60.0,771.7221581599999,0.42597583475597184,0.19247031889549224,0.7904470950914885,2.0446759999999813,-2.6284366645850854,0.10307352375154684,0.09837981201333813,0.16485095126174296,,,,,,,,
0915_项目腕表_开机长记录,项目腕表,开机长记录,0915,seconds30to60,Uc2,30.0,60.0,692.4874112133333,0.9857977133644359,0.18082080768115785,0.807462044024896,3.723141000000055,-6.7027672986571964,0.09324358038001282,0.11078812101799469,0.1406788559528089,,,,,,,,
